ม,0.3053172826766968,-0.006961870938539505,0.07874219864606857,-0.48675358295440674,0.0407068207859993,0.4764467179775238,-0.2656514048576355,0.24479947984218597,-0.007382656447589397,0.08364879339933395,-0.34363165497779846,-0.017481541261076927,0.11867064237594604,0.1475370228290558,-0.6029435396194458,0.029300762340426445,-0.11592623591423035,0.10162331908941269,0.23733647167682648,-0.3726494312286377,-0.12067379057407379,0.14764273166656494,0.1060616672039032,0.12360407412052155,-0.04585404321551323,-0.375262975692749,0.18466289341449738,-0.14670923352241516,-0.32972219586372375,-0.018634406849741936,-0.3233798146247864,-0.5946463346481323,-0.29332461953163147,0.11833209544420242,0.3268774747848511,0.754496157169342,-0.2637096345424652,-0.20176927745342255,0.39769405126571655,0.09908533096313477,0.18633103370666504,0.22456122934818268,0.12312096357345581,0.09603047370910645,-0.42219001054763794,-0.025871803984045982,0.21549594402313232,0.04838290065526962,-0.0003204963868483901,0.2418670803308487,0.2787204086780548,-0.28982725739479065,0.28832054138183594,-0.11961806565523148,0.03354191035032272,-0.17932620644569397,-0.32286784052848816,-0.34856003522872925,-0.5021049976348877,0.19651998579502106,-0.1238623559474945,-0.23221029341220856,-0.047949906438589096,0.39524680376052856,-0.05628128722310066,-0.029407473281025887,-0.0763067752122879,0.37839475274086
ณ,0.22623415291309357,-0.12463017553091049,0.0005901058320887387,-0.04750038683414459,-0.12864339351654053,0.24561621248722076,-0.18240785598754883,0.06991206109523773,0.09843344241380692,-0.05623171478509903,-0.1163160502910614,0.0812307670712471,-0.011162014678120613,0.103919617831707,-0.19738195836544037,0.012298989109694958,0.01692078821361065,-0.06153566762804985,0.017443949356675148,-0.21062920987606049,0.008971723727881908,0.012464454397559166,0.205698162317276,0.007146194111555815,0.10150308161973953,-0.07723814994096756,0.07168775051832199,-0.011818132363259792,-0.18938197195529938,-0.025312533602118492,-0.08610573410987854,-0.191830575466156,0.03175869956612587,0.02921496517956257,0.17077544331550598,0.10563187301158905,0.01694669760763645,0.004358925390988588,0.06390222907066345,0.10981079190969467,0.06415746361017227,0.06651969254016876,-0.0679161548614502,-0.041502490639686584,-0.16955499351024628,0.09840134531259537,-0.01374257542192936,-0.01580490730702877,-0.05437157303094864,-0.049954455345869064,0.07289793342351913,-0.11138933897018433,0.1189178004860878,-0.143727645277977,-0.12738196551799774,-0.07431785762310028,-0.22323459386825562,-0.09661261737346649,-0.014196116477251053,0.11804430186748505,-0.1576860249042511,-0.05452067777514458,0.09569326043128967,0.2502460777759552,0.019879251718521118,0.08753103017807007,-0.1351388841867447,0.12214643508195877
น,0.030758170410990715,-0.10798463970422745,-0.0527229830622673,0.02765340730547905,-0.10198374092578888,0.18094412982463837,0.07208546996116638,-0.046518731862306595,0.08003944903612137,-0.006816932000219822,-0.058099254965782166,-0.03471856936812401,0.08228427171707153,-0.04299880191683769,0.020805343985557556,-0.009566252119839191,-0.11115600913763046,-0.09523411840200424,-0.012359298765659332,-0.11735503375530243,-0.12273017317056656,0.03864555060863495,0.03071482479572296,0.1120501384139061,-0.0900455117225647,0.038837045431137085,-0.022299574688076973,0.07226775586605072,0.010620118118822575,0.04578221216797829,0.028698816895484924,-0.1842546910047531,0.024708712473511696,0.11247245222330093,-0.032001495361328125,-0.023966947570443153,0.004124070983380079,-0.0068861194886267185,-0.017055775970220566,0.13826273381710052,0.003489320632070303,0.06436469405889511,0.0066659157164394855,0.08248922228813171,-0.013722607865929604,-0.03188687562942505,0.06451252847909927,0.05252009630203247,-0.0990307554602623,-0.057571426033973694,0.13216650485992432,-0.13135561347007751,0.12437862902879715,-0.01859676092863083,0.006314740516245365,-0.059952262789011,0.027737513184547424,-0.03398501127958298,-0.17285558581352234,-0.011389466002583504,0.0015913954703137279,-0.12058664858341217,0.11966270208358765,0.11853811144828796,-0.04636470228433609,0.08001896739006042,0.002434100490063429,0.08358549326658249
ง,-0.06938362121582031,-0.006406913977116346,-0.10536301136016846,-0.14122746884822845,0.017757350578904152,0.07081633061170578,0.019567707553505898,0.08064060658216476,0.10321568697690964,-0.07560131698846817,-0.005467606708407402,-0.007148293312638998,-0.016237003728747368,0.08305195719003677,-0.1511278599500656,0.12538230419158936,0.041433051228523254,-0.07871443033218384,0.10470250993967056,-0.06061679869890213,0.09347943961620331,0.11745575070381165,0.14169757068157196,0.059789564460515976,0.013232906349003315,-0.06247154250741005,0.11408964544534683,0.04919257014989853,-0.14201270043849945,-0.0533803291618824,0.03865870088338852,-0.0485919751226902,-0.09075124561786652,-0.11860726773738861,0.06131403148174286,0.11201009154319763,-0.11607508361339569,-0.029253235086798668,0.04123401269316673,-0.01959734410047531,-0.058435190469026566,-0.08958424627780914,0.01720733754336834,0.07027342915534973,0.10293964296579361,0.04920344054698944,0.06689395010471344,-0.055771905928850174,-0.12192058563232422,0.05427098646759987,0.0635114312171936,0.021555306389927864,-0.019181611016392708,0.019162828102707863,0.004645144566893578,-0.01766602322459221,-0.005874685477465391,-0.13224221765995026,0.09693606942892075,-0.10224754363298416,-0.140998974442482,0.0772314965724945,-0.03240247070789337,0.1607309728860855,-0.01881997287273407,0.05818602442741394,-0.016989978030323982,0.013901318423449993
ผ,0.09840144217014313,0.15356801450252533,-0.018821369856595993,-0.11779327690601349,0.023174792528152466,-0.13987106084823608,0.03588767349720001,0.03391910344362259,-0.05902742221951485,0.2202160507440567,0.12019979953765869,0.024362731724977493,-0.03691111132502556,0.022683583199977875,0.13046415150165558,0.0794316902756691,0.11245810985565186,-0.011459746398031712,-0.1802026629447937,-0.03988141193985939,-0.06202595308423042,0.031577810645103455,0.12981489300727844,-0.007162049412727356,-0.08441798388957977,0.05194399133324623,0.013689437881112099,0.20250950753688812,0.04785944148898125,-0.20219992101192474,-0.01590571179986,0.05025196447968483,-0.07445936650037766,0.13323573768138885,0.27188581228256226,-0.062449030578136444,-0.12399192154407501,-0.14675043523311615,0.009936400689184666,0.2077663391828537,-0.1013587936758995,0.08483117073774338,-0.044886305928230286,0.16538426280021667,0.042527832090854645,-0.026623332872986794,0.06085497885942459,-0.04254823923110962,0.042918190360069275,0.035153280943632126,0.0006204611272551119,-0.1604914516210556,-0.11443007737398148,0.0639902651309967,0.11762087047100067,0.055986881256103516,0.06586814671754837,-0.035288769751787186,-0.08363180607557297,-0.029690967872738838,-0.025120308622717857,0.03761279210448265,0.1634247750043869,-0.06175490841269493,0.19730335474014282,-0.1311657577753067,-0.12588249146938324,0.08332821726799011
พ,-0.0740724578499794,-0.04733840003609657,0.11617973446846008,-0.14094261825084686,-0.015711847692728043,-0.035453762859106064,0.03195466101169586,-0.09912984818220139,0.10311718285083771,0.1024802029132843,-0.10489258170127869,0.10109879076480865,-0.05325482040643692,-0.0555487759411335,-0.04528571292757988,0.053734198212623596,0.04364489018917084,-0.050998855382204056,-0.0404711589217186,-0.04594450816512108,-0.02089722268283367,-0.012085825204849243,0.07201553136110306,0.020412692800164223,-0.13017791509628296,-0.08155135810375214,-0.1054670438170433,0.03975598141551018,0.08706812560558319,-0.03257787227630615,0.021827582269906998,0.006798777263611555,0.0636812150478363,0.005932314787060022,-0.05953966826200485,0.026569394394755363,0.11735367029905319,-0.10686894506216049,0.13328661024570465,-0.027360979467630386,0.12103147059679031,-0.0013434463180601597,-0.09215781092643738,-0.09763814508914948,-0.04593193531036377,-0.06100756302475929,0.014961390756070614,0.10356998443603516,0.03108479082584381,0.0750310942530632,0.14123483002185822,-0.1009143739938736,-0.045169029384851456,-0.11133033037185669,0.04633043333888054,0.09796435385942459,-0.09622856229543686,-0.018473194912075996,-0.09532356262207031,-0.05617528408765793,-0.09726575762033463,-0.1397644728422165,-0.08601736277341843,-0.02422758936882019,0.03364526480436325,-0.09762031584978104,-0.09457161277532578,0.1148950383067131
ภ,-0.1077234223484993,-0.0989983007311821,0.06684568524360657,-0.0721268430352211,0.03128204494714737,0.0005336650065146387,-0.08107424527406693,-0.06423953920602798,0.04403342679142952,-0.056527573615312576,-0.07754815369844437,0.11833518743515015,0.0611235573887825,-0.05472620576620102,0.06389810144901276,0.042261023074388504,0.08621162921190262,0.058310989290475845,0.04209598898887634,-0.08641894161701202,-0.00042995080002583563,0.029330305755138397,-0.02690780907869339,0.07417073100805283,-0.019630519673228264,0.0010675747180357575,0.03377566859126091,0.015195895917713642,0.07496599107980728,0.0728900209069252,-0.0934571772813797,-0.03271651640534401,-0.05669840797781944,-0.07498154789209366,0.12935087084770203,0.01320785190910101,0.008286947384476662,-0.07787936180830002,0.10138679295778275,-0.08603192865848541,-0.01470654271543026,0.08467376232147217,-0.07390598207712173,0.06660521775484085,0.009546770714223385,-0.03606439009308815,0.11951260268688202,0.08360939472913742,-0.08289396017789841,-0.09155939519405365,-0.08904922008514404,-0.1262909471988678,-0.012270590290427208,-0.09340985119342804,-0.07276494055986404,0.07416163384914398,0.048301100730895996,-0.12072969228029251,-0.12995047867298126,0.03659562021493912,-0.024746708571910858,0.07037132978439331,0.0033111192751675844,-0.0012584739597514272,-0.06806398928165436,0.0848870798945427,0.10147718340158463,0.11393702030181885
ป,0.008317070081830025,0.0023714641574770212,-0.10507262498140335,0.05512121319770813,-0.007744332775473595,0.02794608846306801,-0.06034421920776367,-0.049308162182569504,-0.0149329649284482,-0.08592403680086136,-0.008027398027479649,0.0651484876871109,0.0232827328145504,-0.09546200931072235,-0.05879379063844681,0.01971687749028206,-0.05768492445349693,-0.038472503423690796,0.11026390641927719,-0.03848228603601456,0.14856401085853577,-0.08751162886619568,0.0456889308989048,-0.020586825907230377,0.023514341562986374,-0.10795484483242035,-0.0831635370850563,-0.008075467310845852,0.08032684773206711,0.18721888959407806,0.02874849922955036,-0.04088688641786575,-0.06461413204669952,0.12224804610013962,-0.10359024256467819,0.119932159781456,0.07584698498249054,-0.0471963956952095,-0.06273927539587021,0.0599171482026577,0.12878242135047913,0.03673733398318291,0.009386195801198483,0.07036852836608887,-0.07567787915468216,0.0075825285166502,0.0779634341597557,-0.13771313428878784,-0.039544478058815,-0.013164814561605453,-0.003069056896492839,0.04717256501317024,0.13447068631649017,0.044672224670648575,-0.08279690146446228,0.03191852569580078,-0.015446080826222897,0.08358407765626907,-0.14719316363334656,0.10775186121463776,0.12897883355617523,0.10077550262212753,-0.07753195613622665,0.049472421407699585,-0.037217218428850174,-0.07096417993307114,-0.006148953922092915,-0.0022349702194333076
บ,0.09546753764152527,-0.16088877618312836,-0.10605298727750778,-0.053205788135528564,-0.11962449550628662,0.06383528560400009,-0.13449983298778534,-0.027215715497732162,-0.049800075590610504,-0.036162666976451874,-0.10288889706134796,-0.021023191511631012,0.04458731785416603,0.06765138357877731,-0.16461092233657837,-0.0901653915643692,-0.13791264593601227,0.07893136888742447,-0.028023015707731247,0.09901285171508789,-0.08020223677158356,0.049713630229234695,0.04788532853126526,-0.0954301655292511,0.03869019076228142,-0.08836063742637634,0.08013768494129181,0.00204142602160573,-0.15113775432109833,0.06222977861762047,-0.060682132840156555,-0.1948513388633728,-0.13919146358966827,-0.08829372376203537,-0.12372569739818573,0.11912365257740021,0.08580033481121063,0.1293533891439438,-0.11403977125883102,-0.0268396083265543,-0.050246208906173706,-0.04158946871757507,0.10004729777574539,-0.0030087779741734266,0.053858235478401184,0.13059008121490479,0.012780647724866867,-0.0851517766714096,-0.027085229754447937,-0.1440594643354416,0.017763780429959297,0.08921032398939133,0.16692259907722473,-0.003973523620516062,0.07954098284244537,0.05946377292275429,-0.08706729859113693,-0.07163652032613754,0.002251136815175414,-0.08490879088640213,0.09556993097066879,-0.06716437637805939,0.07174248993396759,-0.09230785816907883,0.002143645193427801,0.04003624990582466,-0.05703839287161827,-0.12434180825948715
ฐ,-0.017439767718315125,0.000596294121351093,0.08839036524295807,0.029980143532156944,0.14184516668319702,-0.07708082348108292,-0.02880946733057499,0.1546953320503235,0.15046904981136322,0.04682309553027153,-0.02662774734199047,-0.034075453877449036,0.07123293727636337,-0.08629310131072998,0.10375969856977463,0.08176495134830475,0.13588488101959229,-0.10177664458751678,-0.07999736070632935,0.07841337472200394,0.0733787938952446,0.13433024287223816,0.2311178594827652,0.21026091277599335,-0.09064347296953201,0.16712073981761932,0.007465024013072252,0.16978943347930908,-0.023677488788962364,-0.2484470158815384,0.05083288624882698,0.10151512920856476,0.08017496764659882,0.0689338818192482,0.0008181350422091782,-0.26864945888519287,0.07572325319051743,-0.18088297545909882,-0.10872597247362137,0.13381120562553406,-0.005381948314607143,-0.05660133436322212,-0.04827271029353142,0.07239814847707748,0.004082784056663513,-0.14114071428775787,-0.06997772306203842,0.17250163853168488,0.10760004073381424,0.10785142332315445,-0.11228223145008087,-0.1499316245317459,0.04758801311254501,0.03374417871236801,-0.11222007870674133,-0.04915247857570648,-0.09060661494731903,0.016027720645070076,0.2137046754360199,0.02118176966905594,-0.15973083674907684,0.05612603574991226,0.1326952576637268,0.06559939682483673,0.16718603670597076,-0.091083824634552,-0.10710830241441727,-0.04341432824730873
ถ,0.04253428801894188,0.06469156593084335,-0.05049337074160576,-0.07301480323076248,0.08312929421663284,-0.08711515367031097,-0.04190818592905998,0.07426129281520844,-0.08548295497894287,-0.0566936694085598,0.01488854642957449,0.06976153701543808,0.006102452520281076,-0.07334890216588974,-0.05657199025154114,0.06759055703878403,-0.11089903861284256,0.039461057633161545,0.07353036105632782,-0.07465749233961105,0.063547782599926,-0.060727309435606,0.00860479474067688,-0.04197448492050171,0.0033465505111962557,-0.09415967017412186,-0.07801410555839539,0.09621773660182953,-0.12942984700202942,-0.02387525700032711,0.05174537003040314,0.07799772918224335,-0.01441612932831049,-0.0797261968255043,0.07543850690126419,0.032363053411245346,-0.07806466519832611,-0.019890351220965385,0.04232879355549812,-0.06577835232019424,0.07680760324001312,0.04497329145669937,0.03956761956214905,0.11509313434362411,-0.019021930173039436,-0.028634289279580116,0.05213526263833046,0.0032615805976092815,-0.05725454166531563,-0.011431260965764523,0.07962077856063843,0.07798322290182114,0.028906838968396187,-0.020354364067316055,-0.0007853772840462625,0.012441657483577728,0.03763924166560173,0.03536614030599594,-0.046663813292980194,-4.556186013360275e-06,0.08869896829128265,-0.00024377505178563297,0.12763060629367828,0.10304397344589233,-0.10601148754358292,0.062131937593221664,0.0343208834528923,-0.03331452235579491
ฑ,-0.11071222275495529,-0.05951859429478645,0.10924284905195236,-0.06165643408894539,-0.04688567295670509,0.011297973804175854,0.09615779668092728,-0.010528502985835075,0.025705579668283463,-0.03064262494444847,0.049845870584249496,0.03588061407208443,0.04543277248740196,0.12393292039632797,0.06336288899183273,0.012479523196816444,-0.08124890178442001,-0.07306178659200668,0.05281962454319,-0.04502527415752411,0.08347351104021072,0.07321399450302124,-0.07988175004720688,-0.0896000787615776,0.04470841586589813,0.0971163958311081,0.016319453716278076,-0.10967026650905609,0.0006530737155117095,-0.09759224951267242,-0.09086285531520844,0.017734581604599953,-0.07456915080547333,0.0868648886680603,0.030064858496189117,-0.03799115866422653,0.09527374058961868,-0.031172705814242363,-0.015857312828302383,0.0007488945266231894,0.0506506972014904,0.02805401384830475,-0.09159692376852036,0.09808266907930374,0.013566279783844948,-0.11260384321212769,0.10388293862342834,0.09532558917999268,-0.10088934004306793,0.10727107524871826,-0.07694649696350098,0.09185700863599777,0.08136514574289322,-0.12098486721515656,-0.08934533596038818,0.002831381745636463,0.09500063955783844,-0.02098005823791027,0.05846983566880226,-0.09688645601272583,-0.006645794026553631,-0.06567418575286865,-0.07009267807006836,0.11363868415355682,-0.030393898487091064,0.03197028860449791,-0.10438790917396545,-0.04497048631310463
ฒ,0.09949778020381927,-0.06996864825487137,-0.03254690393805504,-0.10465175658464432,0.049821652472019196,0.046051010489463806,0.0005217191646806896,0.05878672003746033,0.010220986790955067,-0.053900305181741714,0.031825218349695206,-0.08800381422042847,-0.05166059732437134,0.08378233760595322,-0.027255022898316383,0.050332218408584595,0.06843449175357819,0.014126177877187729,0.0654270350933075,0.01456605363637209,0.00743259210139513,-0.08633161336183548,-0.06470990926027298,0.03519842401146889,-0.08096548169851303,-0.057974617928266525,0.030341364443302155,-0.06437750905752182,0.00976740662008524,0.0038470453582704067,-0.07805196195840836,-0.021640608087182045,-0.03037886507809162,0.056901052594184875,-0.011795593425631523,0.04076140746474266,-0.0035892794840037823,-0.03274238109588623,0.06792622059583664,-0.10508082807064056,-0.02196584641933441,-0.11907670646905899,0.06007140129804611,0.05505580082535744,0.10243473201990128,-0.09218983352184296,-0.0873638242483139,-0.09145556390285492,0.06551428139209747,0.016733232885599136,0.10277284681797028,0.11108134686946869,0.06378732621669769,-0.08170535415410995,0.10343337804079056,-0.027087457478046417,-0.1211705282330513,0.0561564639210701,0.01192659605294466,-0.11364828795194626,-0.0415961928665638,0.06592993438243866,-0.02010497823357582,-0.018196729943156242,-0.11610311269760132,0.06836293637752533,-0.01572228968143463,-0.052457619458436966
ท,0.013895000331103802,0.11918928474187851,-0.0930270403623581,-0.11129004508256912,-0.08488713949918747,0.014395108446478844,-0.07133236527442932,0.02570151910185814,0.09086199104785919,0.039012715220451355,0.09898402541875839,-0.09713292121887207,0.0723879262804985,-0.05415870621800423,-0.07170022279024124,-0.10158184170722961,-0.0706041231751442,0.06122143194079399,-0.09615953266620636,0.006098072975873947,0.05946803838014603,0.030657287687063217,0.010659165680408478,-0.0955975279211998,0.06689406931400299,0.036299727857112885,0.10466556996107101,-0.02760634571313858,0.05016546696424484,-0.07493703067302704,-0.1167670264840126,-0.010497440584003925,0.08306040614843369,0.04739361256361008,-0.09650065749883652,0.07080356031656265,0.022381123155355453,0.10902693122625351,0.0144731430336833,-0.09379588067531586,-0.10086561739444733,-0.03592045232653618,0.10802489519119263,0.037432242184877396,-0.10056495666503906,-0.0520438589155674,0.10723788291215897,-0.020808329805731773,0.11878714710474014,-0.023072145879268646,-0.10327165573835373,0.10097549855709076,0.11000704765319824,0.04251259192824364,-0.09073293209075928,0.055110324174165726,0.08806990087032318,-0.039956625550985336,0.022239113226532936,-0.08575505018234253,0.05066145583987236,0.057304538786411285,0.10277961194515228,0.02365795709192753,0.04517024755477905,0.03548005595803261,-0.02768521197140217,-0.005337744019925594
ธ,0.12090779840946198,0.027941808104515076,-0.015859894454479218,-0.04391280934214592,-0.011007850058376789,-0.11450785398483276,0.05743231251835823,-0.046626631170511246,0.004233557730913162,-0.013774841092526913,-0.10361331701278687,-0.03723737224936485,0.015619123354554176,0.07440639287233353,0.06897738575935364,0.07551266998052597,0.05058573931455612,0.016939055174589157,0.03704986721277237,0.1141582578420639,-0.11430740356445312,-0.0839662253856659,-0.0772472396492958,-0.04216337576508522,0.018044540658593178,0.04298853501677513,-0.05665116384625435,0.04104628041386604,-0.11274191737174988,0.047902971506118774,0.04238756746053696,0.006363425869494677,-0.11580753326416016,0.038834016770124435,0.0814172774553299,-0.03779217228293419,0.018100781366229057,0.0413409098982811,-0.04072828218340874,0.08733131736516953,-0.07380332797765732,0.008420144207775593,0.11286408454179764,0.0069961934350430965,0.013698674738407135,-0.06832299381494522,-0.06892018765211105,0.03545992076396942,0.10778714716434479,-0.07540144771337509,0.03415559604763985,0.053178854286670685,0.08121621608734131,-0.05074775218963623,0.05035536736249924,-0.07163571566343307,-0.0376860573887825,-0.12115943431854248,0.06801100820302963,0.05416892468929291,0.05919337645173073,-0.03188905864953995,0.07652156800031662,0.0077790445648133755,-0.0852438360452652,-0.044857170432806015,-0.05753602460026741,0.053677719086408615
ฏ,0.09088747948408127,0.02265777811408043,-0.01240874920040369,0.1237477958202362,-0.04060283303260803,0.02807401306927204,0.0779140442609787,0.01198472548276186,0.04953532665967941,-0.08142310380935669,0.057669416069984436,-0.014270873740315437,0.02828778512775898,0.12473157793283463,-0.1409572809934616,-0.08862029016017914,0.03300250694155693,0.09508650004863739,0.17232179641723633,0.118349090218544,0.12748678028583527,-0.1795932948589325,-0.22890058159828186,-0.08587361872196198,0.1122446209192276,-0.07666613161563873,-0.03454101085662842,0.017084477469325066,0.18857648968696594,0.08032087981700897,0.06998039036989212,-0.0032029140274971724,-0.12848538160324097,-0.12046293914318085,0.05240390822291374,0.10342136025428772,0.018882963806390762,0.09737448394298553,-0.06819578260183334,0.04680079221725464,-0.08567209541797638,0.019736869260668755,-0.1367131918668747,-0.11194667220115662,-0.13888998329639435,-0.09226604551076889,0.10471823066473007,-0.1658077985048294,0.08818475902080536,-0.0020596229005604982,0.032055120915174484,0.17717567086219788,0.14419689774513245,-0.1566615104675293,-0.05112326517701149,-0.05154723301529884,0.013613569550216198,0.1357244849205017,0.002949401969090104,-0.003783508902415633,0.19412626326084137,0.18690858781337738,0.06263813376426697,-0.03819841891527176,-0.06378395110368729,-0.07514596730470657,-0.032534997910261154,0.02122610993683338
ต,-0.09215515106916428,-0.09294528514146805,-0.1150532141327858,0.0752263069152832,-0.004927403759211302,0.06443466991186142,-0.012410162948071957,-0.0915079191327095,0.10580994188785553,-0.04672505706548691,-0.10067424178123474,-0.04879610985517502,0.09080725908279419,-0.05879100412130356,0.0719260424375534,-0.05930102989077568,-0.003766643814742565,0.0029572092462331057,0.13126149773597717,0.0007156693609431386,0.08599448204040527,-0.05178257077932358,-0.04145123064517975,0.0619870200753212,-0.04560304805636406,-0.021415632218122482,0.045761704444885254,-0.119045689702034,-0.013181617483496666,0.011101064272224903,0.0900004580616951,-0.031868670135736465,0.10579720139503479,0.03153960034251213,0.1122799962759018,0.13551966845989227,-0.12302517145872116,0.0848630890250206,-0.10481182485818863,0.0017937230877578259,-0.003890261985361576,0.11846178770065308,0.033868320286273956,-0.06967849284410477,0.009343541227281094,0.11582265049219131,-0.005247494205832481,-0.048995018005371094,0.049660660326480865,-0.11357073485851288,0.022923607379198074,0.014728265814483166,-0.010487627238035202,0.03727113455533981,0.015459292568266392,-0.03265416994690895,0.0478835329413414,0.009823991917073727,0.0011373489396646619,-0.11254863440990448,-0.03033623658120632,-0.10570567846298218,-0.037524815648794174,0.02293139137327671,0.08878584206104279,0.10642428696155548,-0.02859439142048359,-0.009112109430134296
ฎ,0.08492676913738251,-0.15784160792827606,-0.02192504145205021,0.045463476330041885,-0.12127368152141571,0.01292650867253542,-0.040102433413267136,0.043945636600255966,-0.0749053880572319,-0.11598771065473557,-0.02279466576874256,-0.10928311198949814,0.027799198403954506,0.03302791342139244,-0.055225905030965805,-0.14605864882469177,0.0003701027890201658,0.08405528217554092,-0.07533831894397736,0.06310494244098663,-0.022938482463359833,-0.02107749693095684,-0.03694301098585129,-0.1201382651925087,0.01302112452685833,-0.05630045756697655,0.021517634391784668,-0.029283815994858742,-0.014572875574231148,0.07355015724897385,-0.039640676230192184,-0.09795533865690231,-0.09323612600564957,-0.07482641935348511,-0.15029512345790863,0.12599314749240875,0.13411055505275726,0.04708682373166084,-0.12193206697702408,-0.01624075137078762,0.036878932267427444,0.007264322601258755,0.12342057377099991,-0.07888924330472946,0.04730735719203949,0.06606295704841614,0.12036481499671936,-0.016952475532889366,-0.1303427815437317,-0.009634054265916348,0.013123405165970325,0.05009271204471588,-0.024578038603067398,0.009592410176992416,-0.03631413355469704,-0.11769379675388336,0.019479457288980484,-0.1185925230383873,-0.07272673398256302,-0.04665737226605415,0.04362437501549721,0.061994921416044235,0.026476556435227394,-0.014628563076257706,-0.022336093708872795,0.15228182077407837,0.02839404158294201,-0.07461141794919968
ด,0.023355266079306602,0.09056210517883301,0.05000157281756401,-0.042788974940776825,-0.11025543510913849,0.1118658259510994,0.09685975313186646,0.0005733976140618324,0.022323785349726677,-0.037097714841365814,-0.025660911574959755,0.029216758906841278,0.053336333483457565,0.12351662665605545,0.02824423834681511,0.07650315016508102,0.11277442425489426,0.026270080357789993,-0.10293412953615189,-0.04700306057929993,-0.05525383725762367,-0.011247145012021065,-0.033281415700912476,0.09860548377037048,-0.09804848581552505,-0.02326914668083191,-0.10227202624082565,0.11002469807863235,0.037412192672491074,-0.10651163011789322,-0.08994048088788986,0.02964082732796669,-0.005276053212583065,-0.06923193484544754,-0.107759989798069,0.0485430508852005,-0.033764369785785675,-0.04677830636501312,0.061677053570747375,0.09172630310058594,-0.03476584702730179,0.08190404623746872,-0.08578804135322571,0.03229852020740509,0.10823836177587509,0.12274909764528275,0.024600569158792496,0.060475535690784454,-0.09893132001161575,0.02568887174129486,0.05725150555372238,0.007703537121415138,-0.0764947161078453,-0.010042352601885796,0.015061656944453716,-0.09413453936576843,-0.082708440721035,-0.03187054023146629,0.0688091516494751,0.019102022051811218,0.06667962670326233,-0.03636643663048744,-0.060984574258327484,0.12103325128555298,-0.12925241887569427,-0.05447773635387421,-0.05519305542111397,0.03523120656609535
ข,0.022344108670949936,0.11319484561681747,0.029547829180955887,-0.15225760638713837,0.01463429443538189,0.07883477210998535,-0.13678760826587677,-0.06270553916692734,0.1565183401107788,-0.035465873777866364,-0.05845385417342186,0.023958958685398102,-0.08297473937273026,0.08172684907913208,0.06732530891895294,0.23236402869224548,-0.03423820808529854,-0.030663589015603065,-0.09648311138153076,0.07323099672794342,-0.06398573517799377,0.07560648024082184,0.09280016273260117,0.053932733833789825,0.06253882497549057,0.10066437721252441,0.01657472737133503,0.03510759025812149,-0.1867518275976181,-0.14214354753494263,0.10631798207759857,0.1740332692861557,-0.011944569647312164,0.1514681726694107,0.0035141382832080126,-0.23901040852069855,-0.11836230754852295,-0.14380988478660583,-0.0893545150756836,0.02898281253874302,-0.17110270261764526,-0.16671746969223022,-0.026452748104929924,0.14366847276687622,0.23389987647533417,-0.15618135035037994,-0.08461938798427582,0.1063554435968399,0.1384337842464447,0.0658167228102684,0.014970599673688412,-0.10750935226678848,0.060021162033081055,0.009864949621260166,-0.06245747208595276,-0.11844826489686966,-0.029468242079019547,-0.07825666666030884,0.01107875257730484,0.016857869923114777,-0.13865675032138824,-0.013860052451491356,0.003596785943955183,0.139008030295372,0.021236596629023552,0.11424010246992111,-0.05627673864364624,0.008282072842121124
ฃ,-0.057834651321172714,0.04970082640647888,-0.039087556302547455,-0.005436053965240717,0.11980411410331726,-0.010161733254790306,0.06684323400259018,-0.0527799054980278,-0.027967479079961777,0.058728575706481934,-0.07098083198070526,-0.10157983750104904,-0.050075020641088486,0.08797993510961533,-0.047822557389736176,0.12886826694011688,-0.09052533656358719,-0.06744210422039032,-0.06260675936937332,-0.000900774379260838,0.05836652219295502,-0.05421759933233261,0.008125553838908672,-0.059099070727825165,0.05207313224673271,0.056782059371471405,-0.04249865934252739,-0.004733591340482235,0.014960946515202522,-0.1371070295572281,0.07252568751573563,-0.05862036719918251,-0.04198474809527397,0.09875567257404327,0.004818188492208719,-0.0037992089055478573,-0.1058797538280487,0.06702111661434174,-0.10591034591197968,-0.08270403742790222,0.0037249375600367785,-0.10910559445619583,0.04713737964630127,-0.03007323108613491,0.11163727939128876,0.03242931514978409,-0.07156693935394287,0.12788742780685425,0.11714204400777817,-0.10246920585632324,0.09063773602247238,-0.08699341863393784,-0.028650565072894096,0.0468185730278492,-0.03819790109992027,0.03465039283037186,-0.02339799888432026,0.04416933283209801,-0.038600292056798935,-0.01753249205648899,0.06352358311414719,-0.11032390594482422,-0.011670771986246109,0.12072516977787018,-0.10589228570461273,0.12196032702922821,0.08038677275180817,-0.00047797011211514473
ค,-0.09842900186777115,-0.009945375844836235,-0.06361973285675049,0.08190952986478806,0.03672398254275322,-0.09233016520738602,0.008429450914263725,-0.0812000036239624,0.02543778531253338,-0.009448770433664322,-0.05235234647989273,-0.03795427829027176,-0.11896554380655289,-0.08515714108943939,0.1024056151509285,-0.019515616819262505,-0.028245922178030014,0.10474575310945511,-0.12366894632577896,-0.0021084111649543047,0.04932640120387077,0.049571484327316284,-0.08358156681060791,0.019083915278315544,-0.0065896655432879925,-0.09897167235612869,0.09441554546356201,0.11785751581192017,0.09603168815374374,0.09019804000854492,0.0034395481925457716,-0.034644655883312225,0.03972658887505531,0.0743231400847435,0.05728612095117569,-0.042823728173971176,0.023808589205145836,0.03357508033514023,-0.0021317009814083576,-0.07969310134649277,0.02502063289284706,-0.11754945665597916,-0.014272446744143963,-0.10553746670484543,0.015322551131248474,-0.04891433194279671,-0.07495512068271637,-0.0023969877511262894,0.12406858801841736,-0.0222622063010931,-0.09780793637037277,-0.02427307702600956,-0.016907628625631332,0.10274038463830948,0.04618747904896736,-0.08039019256830215,-0.07419101148843765,0.07828357070684433,-0.0610685721039772,-0.09585010260343552,-0.004044346511363983,0.06833759695291519,0.0032861721701920033,0.003011941211298108,-0.07263030856847763,0.09745118767023087,0.015600540675222874,0.11892149597406387
ฅ,0.0786513239145279,-0.019826237112283707,-0.10938240587711334,-0.01130127813667059,0.006815815344452858,0.03531599044799805,-0.06724229454994202,0.10637132823467255,-0.044932346791028976,0.04762588441371918,-0.044081300497055054,0.05780234932899475,0.05128936842083931,0.05916019156575203,0.055160801857709885,0.05788860842585564,0.04914887994527817,0.018006732687354088,0.05724359676241875,-0.04752170294523239,-0.10149630159139633,0.023638436570763588,-0.010587265715003014,0.050371840596199036,0.1049288809299469,-0.02080187201499939,0.009645736776292324,0.018182065337896347,-0.030188554897904396,-0.1112678050994873,0.04951590672135353,0.040443021804094315,-0.03238333389163017,-0.05216394364833832,0.09305392950773239,0.02424703910946846,-0.003903857199475169,-0.031084077432751656,-0.06687739491462708,0.003357125446200371,-8.25300594442524e-06,0.007068114820867777,-0.08290132135152817,-0.0666155144572258,-0.02552248165011406,-0.083938829600811,-0.009008449502289295,0.07630862295627594,0.11063751578330994,0.03081836737692356,-0.06105746701359749,-0.006093389354646206,-0.06121726334095001,-0.020216159522533417,0.07415443658828735,0.008458463475108147,-0.022069156169891357,-0.002178325317800045,-0.09360620379447937,0.024464910849928856,-0.0659431517124176,-0.013123852200806141,0.06128893047571182,-0.05998409166932106,0.07133033126592636,-0.05043427646160126,0.02164681814610958,-0.04522469639778137
ฆ,0.00837032962590456,0.10244191437959671,-0.04695262759923935,0.05247487127780914,-0.09744182229042053,-0.05884551629424095,-0.012476140633225441,-0.08071362972259521,0.0024422353599220514,-0.08834251016378403,-0.017481641843914986,0.011626054532825947,0.07033121585845947,-0.08976614475250244,-0.009541711769998074,-0.06555690616369247,-0.10946003347635269,-0.05685708671808243,-0.05646546185016632,0.012510900385677814,0.09605157375335693,-0.110544852912426,0.0711124837398529,-0.05698851868510246,-0.0765887200832367,-0.07708033174276352,0.03773443400859833,0.025730308145284653,0.07742736488580704,-0.07921766489744186,0.10078436881303787,0.029699917882680893,0.09505635499954224,-0.06743837147951126,-0.09613651037216187,0.0022586595732718706,0.03905350714921951,0.05897119268774986,0.06763830035924911,0.0675390288233757,0.05726539343595505,0.0873822346329689,-0.11708538979291916,0.028126215562224388,0.06624029576778412,0.0006937181460671127,-0.005673040170222521,-0.03773941844701767,-0.0778309553861618,0.11108934879302979,-0.11175670474767685,-0.016122156754136086,-0.0034212619066238403,-0.035446055233478546,0.008436890318989754,-0.11260055005550385,0.03502646088600159,0.025562677532434464,-0.06332818418741226,0.0657709389925003,0.046874742954969406,-0.030706703662872314,0.023807577788829803,-0.04647441953420639,-0.058847781270742416,0.0663299411535263,-0.03678876906633377,-0.06539995223283768
ก,0.003777838312089443,-0.23072753846645355,-0.09183930605649948,0.007833102717995644,-0.16697610914707184,0.04470784217119217,-0.006762091536074877,0.04013756290078163,-0.12324171513319016,-0.05386250838637352,0.10803207755088806,-0.13653919100761414,0.11785959452390671,0.04490400105714798,-0.1867300420999527,-0.0266091488301754,0.03777302801609039,0.05052156373858452,0.1792694479227066,0.039373479783535004,-0.06397252529859543,-0.21141356229782104,-0.10812041163444519,0.00918688252568245,0.024244483560323715,-0.04000217840075493,0.022783197462558746,-0.12475518882274628,0.07386182993650436,0.265563040971756,-0.10664992034435272,-0.17064747214317322,-0.02921171486377716,-0.012590445578098297,-0.13018552958965302,0.13364169001579285,0.19355712831020355,0.1031060665845871,0.10831306874752045,0.02896265685558319,0.05525543540716171,0.14171914756298065,-0.06482244282960892,-0.03678764030337334,-0.04458004608750343,0.01962500996887684,0.17532171308994293,-0.2748660445213318,-0.046646639704704285,-0.13634304702281952,0.11247468739748001,0.2804040312767029,-0.07078715413808823,-0.04582972824573517,-0.07134237885475159,-0.09969434142112732,-0.016329510137438774,-0.06582433730363846,-0.11995270103216171,0.06298747658729553,0.03204374015331268,0.10915763676166534,-0.002443839330226183,-0.15553508698940277,-0.17954973876476288,-0.12278228253126144,0.15708288550376892,0.013116767629981041
อ,0.22156965732574463,0.03247811272740364,0.0617285892367363,0.08338532596826553,-0.011068942956626415,-0.09782638400793076,0.05540088936686516,0.0868842676281929,0.025594502687454224,-0.03713018074631691,-0.001807419233955443,0.059121955186128616,-0.05045098811388016,-0.09187998622655869,0.042793020606040955,-0.18657389283180237,0.1705658882856369,0.05628320947289467,0.1843365877866745,0.037600792944431305,-0.07573340088129044,-0.08264658600091934,0.08807031810283661,-0.0697169378399849,0.10073390603065491,-0.06930574029684067,0.10713418573141098,-0.004557115491479635,0.16593240201473236,0.21659672260284424,-0.1477179080247879,-0.01339123398065567,0.10137975215911865,-0.0540163554251194,-0.12675794959068298,-0.04754827171564102,0.20272031426429749,0.04898964613676071,0.11031395941972733,0.19451020658016205,0.09292657673358917,0.04490512236952782,0.12443216890096664,-0.019231809303164482,-0.1791929453611374,-0.0986856147646904,-0.07192499190568924,0.11011169850826263,-0.07424458116292953,0.01902719959616661,-0.1481599062681198,-0.16782616078853607,-0.030227575451135635,-0.025606578215956688,-0.01655169576406479,-0.03936709091067314,0.1708163321018219,-0.05830637738108635,0.08851750195026398,-0.06341580301523209,-0.05743550881743431,0.001363020041026175,0.024805383756756783,0.09981033951044083,0.04498452693223953,-0.10916494578123093,0.18153704702854156,-0.12157847732305527
ร,-0.2875927686691284,-0.054172106087207794,-0.1556696891784668,0.06487257778644562,0.059185490012168884,-0.14996154606342316,0.12062641978263855,0.05305754393339157,-0.09683918952941895,0.1443290263414383,-0.049378883093595505,0.027218088507652283,0.08377698808908463,0.09936553239822388,0.07365197688341141,0.24120859801769257,0.013662565499544144,-0.06609868258237839,-0.1988593488931656,-0.08539792895317078,-0.15118975937366486,0.057598285377025604,0.11278112232685089,0.08375202119350433,-0.20872502028942108,-0.13291209936141968,0.09226097911596298,-0.05696415901184082,-0.05231240764260292,-0.0008695407304912806,0.15063118934631348,0.032862115651369095,0.01251884177327156,0.125078484416008,0.12114674597978592,-0.007539959624409676,-0.014698565937578678,-0.1443175971508026,-0.16840049624443054,-0.16699030995368958,-0.20027245581150055,-0.0073721944354474545,-0.045909203588962555,-0.14969274401664734,0.09252993762493134,-0.11791933327913284,-0.07422935962677002,-0.1148800179362297,0.07929357141256332,-0.038696397095918655,-0.002293933182954788,-0.025793788954615593,0.019839026033878326,-0.07343845069408417,0.015205242671072483,-0.042431388050317764,-0.09169111400842667,0.07299380749464035,-0.10715249180793762,-0.11272416263818741,-0.11755861341953278,-0.047771330922842026,-0.07210814207792282,0.004494303371757269,-0.0032539928797632456,0.06005746126174927,-0.12128951400518417,0.1751469522714615
ฤ,0.2102334201335907,0.03065515123307705,0.1562579870223999,0.09889117628335953,0.041882019490003586,-0.011959251947700977,-0.10938882827758789,0.12674367427825928,0.11341974884271622,0.01904081366956234,0.09912505000829697,-0.09407667070627213,-0.24497449398040771,0.03259149193763733,-0.058875106275081635,-0.15582434833049774,0.18206670880317688,0.111370749771595,0.0005699012544937432,0.08696319907903671,0.08685474842786789,-0.1033354327082634,-0.04358350485563278,-0.2862001061439514,0.2270876169204712,0.2122451514005661,0.010199099779129028,-0.10916897654533386,0.04688365384936333,0.195516437292099,-0.09282279759645462,0.1735977679491043,0.08167877793312073,-0.13750195503234863,-0.07116484642028809,-0.04895302280783653,0.10091067105531693,0.007461355999112129,0.18414188921451569,0.05206048861145973,0.054346758872270584,-0.02758709341287613,0.054672155529260635,0.09939021617174149,-0.1300239861011505,-0.25171154737472534,-0.06530585139989853,0.18610599637031555,-0.18163201212882996,-0.09446892142295837,-0.007900177501142025,-0.0889430046081543,-0.013813262805342674,-0.030165938660502434,-0.22236068546772003,-0.0032061494421213865,0.10003990679979324,-0.135016530752182,-0.11368831247091293,-0.07424191385507584,-0.024241700768470764,-0.027864664793014526,0.04060264304280281,0.05750134587287903,0.16109639406204224,-0.18686741590499878,0.25990086793899536,-0.20476828515529633
ฉ,-0.06339292973279953,0.03842027112841606,0.01596452109515667,-0.1405935436487198,-0.007709195837378502,-0.027292804792523384,-0.027945367619395256,-0.020264126360416412,0.12537963688373566,0.10797925293445587,0.07827591150999069,0.2848397195339203,0.0803326889872551,0.029785044491291046,0.313198983669281,0.11412649601697922,-0.08927035331726074,-0.22043970227241516,-0.2666219174861908,-0.052291352301836014,0.15870855748653412,0.2987031936645508,0.18458721041679382,0.3405252993106842,-0.17391112446784973,0.08962547779083252,-0.1524515002965927,0.3385023772716522,-0.23003315925598145,-0.4879998564720154,0.1989109218120575,0.189400777220726,-0.12172054499387741,-0.013329179026186466,0.35474899411201477,-0.04352233186364174,-0.13383163511753082,-0.08424317836761475,-0.14896179735660553,-0.22542014718055725,-0.1493855118751526,-0.13845112919807434,-0.12122224271297455,0.0980910211801529,0.11271066963672638,0.15675008296966553,-0.21462775766849518,0.03742733970284462,0.19333447515964508,0.2802748382091522,-0.030753817409276962,0.016311267390847206,-0.06109372898936272,0.10241013765335083,0.22349616885185242,0.14961950480937958,-0.043201994150877,0.02267158031463623,0.033104073256254196,0.17014405131340027,-0.08690948784351349,0.14298483729362488,0.1711362600326538,0.08818943798542023,-0.10791019350290298,0.10027113556861877,-0.20872732996940613,0.2613958716392517
ช,-0.008739461190998554,0.06097753718495369,0.10281119495630264,-0.018427468836307526,0.08892889320850372,-0.06804423034191132,-0.07589241117238998,-0.042213793843984604,0.060941025614738464,0.013425170443952084,0.0398092195391655,0.12786613404750824,-0.05662378668785095,-0.05405547097325325,0.01114245317876339,0.13677585124969482,-0.05477244406938553,0.04228021204471588,-0.011998908594250679,-0.08284258097410202,-0.07054027915000916,-0.0033243342768400908,0.11702119559049606,0.166050985455513,-0.12133875489234924,0.012613373808562756,0.003190958173945546,0.14376626908779144,-0.12474506348371506,-0.04713769629597664,0.09861503541469574,0.060284871608018875,-0.04280313849449158,0.024346424266695976,0.01698441617190838,0.0796157717704773,-0.13036400079727173,-0.14552195370197296,0.08052248507738113,0.06547493487596512,-0.09256106615066528,-0.1223626509308815,-0.12473434209823608,0.08531675487756729,0.038293879479169846,0.06563399732112885,-0.08959092199802399,0.13094449043273926,-0.028604865074157715,0.10126841813325882,-0.010760032571852207,-0.022984111681580544,-0.08033165335655212,-0.11415848135948181,-0.012990135699510574,0.07753687351942062,0.01564701460301876,-0.0018383386777713895,-0.03240419551730156,-0.04264384135603905,0.01943882368505001,0.10574328899383545,-0.05400121584534645,-0.06190044805407524,-0.045759402215480804,0.012645483948290348,0.008039075881242752,-0.014838386327028275
ฌ,-0.11279960721731186,0.03354330360889435,-0.06003626063466072,-0.12242655456066132,0.019929537549614906,0.008438554592430592,-0.10181140899658203,-0.055689487606287,-0.10984480381011963,-0.04864735156297684,0.058053307235240936,-0.0023867315612733364,0.06522826105356216,-0.08449862897396088,-0.08417671918869019,-0.08319579809904099,-0.03994422405958176,-0.044739946722984314,0.012810824438929558,-0.10851922631263733,-0.03986859694123268,-0.023199385032057762,0.04140884056687355,0.10133584588766098,-0.008534125052392483,0.07829008251428604,-0.02629675902426243,0.059896308928728104,0.01885729655623436,0.05793872848153114,0.07978861033916473,0.09636393189430237,0.05966716259717941,-0.03824630752205849,-0.03463231027126312,0.07197670638561249,0.021369267255067825,0.06783310323953629,-0.060027915984392166,-0.011411396786570549,0.0405627116560936,0.09978368133306503,0.017420660704374313,0.06482690572738647,0.11478393524885178,-0.04139624536037445,0.014389676973223686,0.0864008218050003,0.09140615165233612,0.13210426270961761,-0.07007220387458801,-0.13339073956012726,0.011557772755622864,0.087460957467556,0.0672520250082016,-0.104545459151268,0.10439229011535645,0.057545579969882965,-0.10085851699113846,0.08889862895011902,0.044905658811330795,0.11148229241371155,0.05118664354085922,-0.05518729239702225,-0.09992562979459763,-0.045108694583177567,-0.07253766804933548,0.01303899846971035
จ,0.027639752253890038,-0.09939698129892349,-0.17580905556678772,0.18572628498077393,-0.14059409499168396,0.0720936730504036,0.028738534078001976,-0.10348563641309738,-0.11728207021951675,-0.06422021239995956,0.046216417104005814,-0.1754949539899826,-0.00750403618440032,0.008182547986507416,-0.23438410460948944,-0.1241302564740181,-0.1836794763803482,-0.04845351353287697,0.16810335218906403,0.13170382380485535,0.027361884713172913,-0.25221705436706543,-0.15248988568782806,-0.04196751490235329,-0.0334281250834465,-0.27218982577323914,0.07882770895957947,-0.09115578979253769,-0.003029398387297988,0.330965131521225,-0.024530548602342606,-0.15366435050964355,-0.18515409529209137,-0.07369787991046906,-0.0895223394036293,0.19779030978679657,0.1560869961977005,0.09418102353811264,0.015859050676226616,-0.037221018224954605,0.05616960674524307,0.21606802940368652,-0.12186363339424133,-0.15127933025360107,-0.08112888038158417,0.17910900712013245,0.13168871402740479,-0.09961516410112381,-0.14531178772449493,-0.15814711153507233,0.08192121237516403,0.17298847436904907,0.05923989787697792,-0.15811003744602203,-0.03526313602924347,-0.09496568888425827,-0.012333571910858154,0.12688712775707245,0.05144448205828667,0.016038553789258003,0.0827341079711914,0.0672374963760376,-0.16788716614246368,-0.08098329603672028,-0.1952221691608429,0.0012273166794329882,0.0913735032081604,0.060510870069265366
ศ,-0.21074703335762024,0.18030886352062225,-0.010733000002801418,0.13490329682826996,-0.02941673994064331,-0.024652307853102684,-0.014163180254399776,-0.09765393286943436,0.12408724427223206,0.13076934218406677,0.060788873583078384,0.11442727595567703,0.005002562887966633,0.03466714546084404,0.06884301453828812,0.19627326726913452,0.018099268898367882,0.009855426847934723,0.004538456443697214,-0.05210393667221069,0.01022283174097538,0.037710342556238174,0.008551239967346191,0.019607461988925934,-0.004577786661684513,-0.021029919385910034,-0.0909656509757042,0.041625361889600754,0.07401133328676224,-0.1765848845243454,0.06839505583047867,0.1923663467168808,-0.02376171573996544,0.02387494407594204,0.18181021511554718,-0.0903891921043396,-0.10127054154872894,0.014800939708948135,0.08787098526954651,0.11027104407548904,0.03916178643703461,-0.09836040437221527,-0.08100524544715881,0.04076418653130531,-0.023999011144042015,0.0006410302594304085,0.020896119996905327,-0.011245589703321457,0.057893745601177216,0.12736079096794128,0.0397462323307991,-0.085696280002594,-0.09610315412282944,0.06314852833747864,-0.11515501886606216,0.07676362991333008,0.0151418037712574,-0.027418162673711777,-0.0577029213309288,0.0023939183447510004,-0.09391529113054276,0.07449190318584442,-0.021182961761951447,0.09455346316099167,0.06529440730810165,0.0177307091653347,-0.12687408924102783,-0.09308808296918869
ษ,0.06482747942209244,-0.013387393206357956,-0.09777015447616577,0.10476057231426239,0.025021394714713097,-0.00936361774802208,0.021464824676513672,0.07876591384410858,-0.013020532205700874,-0.08061854541301727,0.06285490840673447,-0.016221946105360985,0.018168898299336433,0.0052058883011341095,-0.05863871052861214,0.0021815572399646044,-0.09254824370145798,-0.08697082102298737,-0.028143329545855522,0.08582916855812073,0.031788140535354614,0.018395191058516502,0.043904587626457214,-0.020802035927772522,0.09539976716041565,0.06502770632505417,-0.07381628453731537,-0.048186514526605606,-3.1423085602000356e-05,-0.014907962642610073,0.04063471779227257,0.09800861030817032,0.10005876421928406,-0.06661474704742432,0.06371809542179108,0.10188259184360504,0.0558602474629879,0.005513015668839216,0.09179983288049698,0.12381865829229355,-0.014725648798048496,-0.0726417824625969,-0.015251632779836655,-0.0749545469880104,-0.09238983690738678,-0.11261013150215149,0.0848461166024208,-0.03869619220495224,0.07487040013074875,0.13811007142066956,0.006230018567293882,-0.00877703819423914,0.06384066492319107,0.052767064422369,-0.02311541698873043,-0.06742498278617859,0.09008383005857468,0.0770600363612175,0.006067894399166107,0.05832981690764427,0.07409492880105972,-0.10388002544641495,-0.05890718474984169,0.060606230050325394,-0.006095114629715681,0.09393137693405151,0.10134685039520264,0.04463117942214012
ส,-0.05376686900854111,-0.047981567680835724,-0.04705013334751129,-0.015268663875758648,-0.07757384330034256,-0.012464441359043121,-0.015714311972260475,-0.08188745379447937,0.10071038454771042,-0.04371631518006325,0.030054569244384766,-0.08024700731039047,-0.07962654531002045,-0.022250259295105934,-0.031458549201488495,-0.015699133276939392,0.10581820458173752,0.08431519567966461,-0.004855722188949585,-0.10355472564697266,-0.11033648252487183,0.08458318561315536,-0.02646072953939438,0.1186283528804779,0.10151958465576172,0.08431313931941986,-0.06400202959775925,-0.11681443452835083,0.04736654460430145,0.06921686977148056,-0.03202894330024719,-0.0038449838757514954,-0.05773219093680382,-0.007855727337300777,0.08297332376241684,0.10893259197473526,0.0004480153729673475,0.12005104869604111,-0.01260855607688427,0.07157838344573975,-0.05779065936803818,0.0018557145958766341,-0.10345129668712616,0.0727650448679924,-0.03529222309589386,0.03571700304746628,-0.018656278029084206,0.018616072833538055,0.04295993968844414,0.004867591895163059,-0.10978294909000397,0.03472965583205223,0.10435421764850616,0.11137279123067856,-0.0694100484251976,-0.029017673805356026,0.0342683419585228,-0.014589221216738224,-0.04264279082417488,0.041118111461400986,0.06412926316261292,0.01092824712395668,0.08698001503944397,0.047923389822244644,0.06258950382471085,0.047175273299217224,-0.08883285522460938,0.06783599406480789
ซ,-0.07088422775268555,-0.06760231405496597,-0.012010425329208374,-0.08738809823989868,-0.039411213248968124,0.04201459512114525,-0.07811781764030457,0.0179201140999794,0.08435661345720291,0.08128605037927628,-0.003796239849179983,0.03015221655368805,0.08275579661130905,-0.06585726886987686,-0.08294575661420822,0.11697598546743393,0.0638214498758316,0.11890646070241928,0.07230455428361893,-0.04211968928575516,-0.03627915307879448,-0.017969446256756783,-0.03774718940258026,-0.03775550797581673,-0.005238605663180351,-0.0862429067492485,-0.0357295423746109,-0.05910367891192436,0.030941136181354523,-0.015359585173428059,-0.013280205428600311,0.05916692316532135,0.01968257501721382,0.11002406477928162,-0.01741286739706993,0.09080933779478073,0.1077498272061348,0.039714373648166656,0.11793386191129684,0.05979755148291588,-0.060990992933511734,-0.0669751986861229,-0.11048639565706253,0.09549788385629654,0.07595039159059525,0.08729855716228485,-0.02796258218586445,0.04578515142202377,-0.0861070454120636,0.09594321995973587,-0.10223518311977386,0.06886706501245499,-0.04973035678267479,-0.11489252001047134,-0.08429527282714844,-0.11991334706544876,0.0052292500622570515,-0.08051244914531708,-0.1148543506860733,0.10452932119369507,-0.003644368378445506,-0.08101349323987961,-0.02589358761906624,0.12481759488582611,-0.04353397712111473,-0.10300825536251068,-0.09563010185956955,0.0766269713640213
ฝ,-0.044289857149124146,-0.0877528041601181,0.013215162791311741,-0.06915716081857681,-0.040612541139125824,-0.06594943255186081,0.029952580109238625,-0.023670557886362076,-0.037347499281167984,0.06054112687706947,-0.10616158694028854,-0.10000164806842804,0.019516780972480774,0.08359551429748535,-0.038076866418123245,-0.04615000635385513,-0.11488120257854462,-0.003293884452432394,-0.04134775325655937,-0.03434070572257042,-0.06748411804437637,0.03950241953134537,0.07226204872131348,0.03146946430206299,-0.038970403373241425,-0.1248544380068779,-0.05530610308051109,0.1124052107334137,0.1323508620262146,0.02391269989311695,0.03759627416729927,-0.10422314703464508,-0.03887580707669258,0.03718985617160797,0.08877938985824585,-0.06156958267092705,0.06837362796068192,0.047459036111831665,-0.015869593247771263,-0.05839226022362709,-0.02361530251801014,0.12479137629270554,0.08178555220365524,0.11090108007192612,-0.0708807185292244,-0.0004432272107806057,-0.0018784358398988843,0.02522118017077446,0.09042112529277802,-0.013345897197723389,-0.06422650814056396,0.0048715840093791485,0.11464913934469223,-0.07826248556375504,0.10155025869607925,-0.07276088744401932,0.08330423384904861,0.07757382839918137,0.025534464046359062,-0.017746014520525932,-0.07647272944450378,-0.11789042502641678,-0.11073026806116104,-0.012228468433022499,0.03776483237743378,0.07461864501237869,-0.024780120700597763,0.12392815947532654
ฟ,0.04248372092843056,-0.0815371572971344,-0.017990728840231895,0.09506558626890182,-0.07766717672348022,0.06992548704147339,0.057482343167066574,0.01269125659018755,0.01328608114272356,-0.09421316534280777,-0.10111602395772934,-0.09518984705209732,-0.06871403008699417,0.031729165464639664,-0.017176218330860138,0.031293533742427826,0.08895424753427505,-0.056174565106630325,-0.0904705598950386,0.04790228605270386,-0.0911458283662796,-0.0019857948645949364,0.0589178204536438,0.10344406962394714,-0.016938386484980583,0.09044774621725082,0.0979798287153244,-0.060861602425575256,0.0507001094520092,-0.021735409274697304,-0.041067931801080704,0.05744478479027748,-0.019205020740628242,0.07375874370336533,0.03531419113278389,-0.03733467310667038,0.06414026767015457,0.032108407467603683,-0.06678836047649384,-0.12146524339914322,0.06505578756332397,0.10725186765193939,0.07396478950977325,-0.08988727629184723,-0.10342682152986526,0.08938852697610855,-0.11348804086446762,0.09623541682958603,0.010462365113198757,-0.033991288393735886,0.012191629968583584,-0.04482273384928703,-0.010739118792116642,0.11172986030578613,-0.024400515481829643,0.030426686629652977,-0.018827766180038452,0.061231330037117004,-0.11196121573448181,-0.04023236036300659,0.05853034555912018,0.11037509143352509,0.05648035556077957,0.05639356002211571,0.0009871108923107386,0.03210758417844772,0.07734096795320511,-0.039589349180459976
ห,0.09911459684371948,0.06237110495567322,-0.09170636534690857,-0.10740380734205246,0.06094707176089287,0.014313037507236004,-0.04003409296274185,0.04643482342362404,-0.11321316659450531,-0.05104053020477295,0.001729372888803482,-0.013318785466253757,0.10607215762138367,0.10904908925294876,-0.11848755180835724,-0.0863465964794159,-0.024186400696635246,-0.04139259085059166,-0.01800745539367199,0.015868280082941055,0.08670729398727417,-0.028901400044560432,0.08849779516458511,0.11218474060297012,-0.053270936012268066,0.05484023690223694,0.0033282905351370573,-0.00438634492456913,0.07869210839271545,0.12273447960615158,0.06876736879348755,-0.026707174256443977,0.04539760574698448,0.014760627411305904,0.032348085194826126,0.011840318329632282,-0.012569040060043335,0.024737896397709846,-0.02148754708468914,-0.0847744569182396,0.08939934521913528,0.09466441720724106,-0.029356971383094788,-0.0766419768333435,-0.0956568494439125,-0.016466563567519188,0.09417971223592758,0.10719156265258789,-0.011241139844059944,0.09319087862968445,-0.09965817630290985,-0.031442027539014816,0.11060749739408493,0.02803857997059822,0.07464630156755447,0.04239143058657646,-0.04126698523759842,0.05597708746790886,0.026562301442027092,0.1208866760134697,0.09190152585506439,0.07213439047336578,0.09312894940376282,-0.07483556866645813,-0.1188473254442215,-0.0031256754882633686,0.05962752923369408,-0.0032431052532047033
ฮ,-0.04912600666284561,0.0984683483839035,-0.014411228708922863,-0.033238839358091354,-0.06538642197847366,-0.04635941609740257,0.09953159093856812,0.028336327522993088,-0.08407454192638397,0.01409855391830206,0.06928073614835739,-0.07151620835065842,-0.09110016375780106,-0.09435344487428665,0.04709981754422188,0.09667690843343735,-0.08896462619304657,-0.03750362992286682,0.07185451686382294,-0.0037911811377853155,-0.09289447218179703,0.1092187762260437,-0.042334940284490585,0.11552844941616058,0.09599313884973526,0.05342548340559006,-0.04845437407493591,0.1055423766374588,-0.12358319014310837,-0.10678169876337051,-0.01282575074583292,-0.0795670673251152,0.021602757275104523,0.040579065680503845,0.006384685169905424,0.02830272726714611,0.05026709660887718,-0.1033785343170166,-0.04750405251979828,-0.07562742382287979,0.024133283644914627,-0.031888172030448914,0.0008828818099573255,0.0916072353720665,0.030107004567980766,-0.03763134405016899,0.08534932881593704,0.010685628280043602,-0.09158597141504288,0.04740849882364273,-0.03211658447980881,0.10402638465166092,0.10291539877653122,-0.011093128472566605,0.10313723981380463,-0.07911868393421173,0.08150260150432587,0.0472879521548748,-0.09192809462547302,0.04077954217791557,0.10485871881246567,0.09153939038515091,-0.12389258295297623,-0.0677996426820755,-0.08886439353227615,-0.07587144523859024,0.04301804304122925,0.005557450465857983
ญ,-0.00038274211692623794,-0.03763505443930626,-0.04088634252548218,0.07122885435819626,0.08656181395053864,0.13578541576862335,-0.06288530677556992,-0.11882644146680832,-0.08342793583869934,-0.049173180013895035,-0.02031276933848858,-0.15642645955085754,0.08747642487287521,-0.13055196404457092,-0.019507788121700287,0.005891125183552504,-0.07875912636518478,0.13829955458641052,0.09141552448272705,0.12153395265340805,0.015972554683685303,0.049639273434877396,-0.0063825007528066635,-0.14943180978298187,0.04479658231139183,0.039424531161785126,0.1152295172214508,0.010232238098978996,-0.009594949893653393,0.12001672387123108,0.023548124358057976,-0.04573699086904526,-0.07544592767953873,-0.11450251191854477,-0.2507249712944031,0.053769800812006,0.01843784749507904,0.13726457953453064,0.016064265742897987,-0.13089619576931,-0.052862536162137985,0.08155827224254608,0.018324945122003555,0.0008373368764296174,-0.009558948688209057,-0.006638505961745977,-0.018577130511403084,-0.018059872090816498,-0.004984330385923386,-0.02151435799896717,0.06100858002901077,0.00224391371011734,-0.06025395169854164,-0.0006768496823497117,0.0630837231874466,0.05258534476161003,-0.09180600196123123,-0.013325964100658894,0.02609977126121521,0.0517597422003746,-0.1303960531949997,0.0683598518371582,-0.0834704339504242,-0.13108403980731964,-0.09623231738805771,0.0024967046920210123,0.0659775510430336,0.013818679377436638
ย,0.20654501020908356,-0.09447243809700012,0.05013338476419449,-0.023395715281367302,-0.05963689833879471,-0.07910062372684479,0.11711914092302322,-0.05254645273089409,0.03480927273631096,-0.09084920585155487,0.027499569579958916,-0.15802502632141113,-0.20534826815128326,-0.029075762256979942,0.04974128305912018,-0.10832462459802628,0.014337880536913872,0.08431653678417206,0.06203494593501091,0.1372690200805664,-0.01450358983129263,-0.054061852395534515,-0.15865054726600647,-0.06178949400782585,0.11225082725286484,0.1251402348279953,0.025497324764728546,-0.006711248308420181,0.23482964932918549,0.062045346945524216,-0.16613559424877167,-0.08893552422523499,0.03539494425058365,-0.09151969850063324,-0.2727802097797394,-0.052310019731521606,0.02458208240568638,-0.06288406997919083,0.1304788440465927,0.041768308728933334,0.09458919614553452,0.07459770888090134,0.16540317237377167,-0.06401011347770691,-0.17636501789093018,-0.07328899204730988,-0.07387322187423706,-0.012225598096847534,-0.0853223204612732,-0.02371583692729473,-0.010864345356822014,-0.042062029242515564,0.045167744159698486,0.11513162404298782,-0.030479619279503822,0.010859880596399307,0.09414523839950562,-0.02568349987268448,0.01168089173734188,-0.06901948899030685,0.018323224037885666,-0.011487686075270176,-0.025350263342261314,0.09104304015636444,0.06308150291442871,-0.1608746349811554,0.2141464650630951,-0.2164260596036911
ว,-0.021495837718248367,-0.14483638107776642,0.08180171251296997,-0.09402082860469818,0.11005779355764389,0.06867306679487228,0.03047141060233116,0.0671987384557724,-0.0771157518029213,0.062042661011219025,0.12689019739627838,0.06493238359689713,0.015148949809372425,-0.057628389447927475,-0.09172853827476501,0.07557128369808197,-0.030665375292301178,0.08660313487052917,-0.021734707057476044,0.06803452968597412,0.058769650757312775,0.11171498149633408,-0.06900625675916672,0.045153629034757614,0.15158461034297943,-0.05798407644033432,-0.010559706948697567,0.0792970135807991,0.005050098057836294,0.08881864696741104,-0.08794612437486649,-0.03919975087046623,-0.04811156913638115,-0.11829466372728348,0.14268209040164948,0.12165538966655731,-0.04507705941796303,-0.10913622379302979,0.025431131944060326,0.052023567259311676,-0.042477160692214966,0.04197215661406517,-0.08204980939626694,0.06546461582183838,-0.13634952902793884,0.09512756019830704,0.13611918687820435,0.06929534673690796,0.06997409462928772,0.01649763248860836,0.019582439213991165,-0.072459876537323,0.06989674270153046,0.10306443274021149,0.039937593042850494,-0.08192729949951172,0.005386704113334417,-0.10546073317527771,-0.14650335907936096,0.11562009900808334,-0.1022256538271904,0.02623526006937027,-0.03819511830806732,0.06361845135688782,-0.023919206112623215,0.016369763761758804,0.02869350090622902,-0.025601070374250412
ล,-0.2091331034898758,-0.029516341164708138,-0.1443881243467331,0.03235403075814247,0.11452443152666092,0.06428471952676773,0.09664056450128555,-0.10696858167648315,0.0060168104246258736,-0.006284210830926895,0.017340945079922676,0.15851420164108276,0.03526153042912483,-0.022091172635555267,-0.06755542010068893,0.028336510062217712,-0.1783560961484909,-0.10573713481426239,-0.1215609461069107,0.07595369219779968,0.1186797171831131,0.01763913780450821,0.0445253886282444,0.16326269507408142,-0.0921170637011528,0.044326409697532654,-0.18480150401592255,0.005194636061787605,-0.08736475557088852,-0.09225955605506897,-0.03944213315844536,0.14260037243366241,-0.11508160829544067,0.015363912098109722,0.010899035260081291,0.004045579116791487,-0.1008366048336029,-0.04127566143870354,-0.20448632538318634,-0.0752129927277565,-0.10219519585371017,0.03241167962551117,-0.10140559822320938,0.08581425249576569,0.20803390443325043,0.07273679226636887,-0.0349249504506588,0.023593099787831306,-0.08719997107982635,0.05828643962740898,0.030271418392658234,0.010187558829784393,-0.011010515503585339,-0.03317684307694435,0.15877340734004974,0.07684265077114105,0.017265666276216507,0.17355716228485107,-0.14928023517131805,0.04446537420153618,0.001410291064530611,0.05012147128582001,0.014511583372950554,-0.15379150211811066,0.04058722034096718,0.019733991473913193,-0.17014998197555542,-0.0011631121160462499
ฬ,-0.06784326583147049,0.09995341300964355,0.03908232972025871,0.025234520435333252,-0.0399247370660305,-0.0949198380112648,-0.056865714490413666,0.04633959382772446,0.07200965285301208,0.11956547945737839,0.08693482726812363,-0.0433460958302021,-0.016317296773195267,0.10744624584913254,-0.0025903922505676746,-0.029044680297374725,0.07680973410606384,0.08613953739404678,0.0936531275510788,-0.12636905908584595,-0.10672497749328613,0.07052995264530182,-0.024962475523352623,-0.04415513947606087,-0.0968349426984787,0.0018061557784676552,0.06494416296482086,-0.1001485288143158,-0.044864729046821594,0.06607455760240555,0.03643655404448509,0.031992848962545395,0.0208553746342659,-0.11137335002422333,-0.059077270328998566,0.02768833003938198,-0.08987149596214294,0.02546139806509018,0.006305835675448179,0.03291378915309906,0.02725711278617382,0.01451070699840784,0.107410728931427,-0.06961335241794586,-0.055242232978343964,-0.07511092722415924,0.10695842653512955,0.026803266257047653,0.023176981136202812,0.02397882752120495,0.07191617786884308,0.0656992495059967,-0.05319981649518013,0.0027301954105496407,-0.03979822248220444,-0.03687094524502754,0.06015236675739288,-0.018700355663895607,-0.05023868381977081,-0.1131640076637268,-0.08086954802274704,0.07732498645782471,0.011277950368821621,0.07267187535762787,-0.05405426397919655,-0.04330039024353027,-0.13264000415802002,0.10429999232292175
ฦ,0.08664418011903763,0.07647957652807236,0.1650204360485077,0.15241692960262299,-0.09390798211097717,-0.0003505241475068033,0.0602882094681263,0.17739655077457428,0.01648547686636448,-0.2010427713394165,0.12772487103939056,-0.28731539845466614,-0.13640914857387543,-0.10068778693675995,-0.029302572831511497,-0.2510220408439636,0.22718530893325806,0.20355282723903656,0.15620416402816772,-0.05168375372886658,0.0629531666636467,-0.07311265915632248,-0.21846120059490204,-0.3318934440612793,0.15921428799629211,0.02736390009522438,0.06325028836727142,-0.19308704137802124,0.1253831833600998,0.36815372109413147,-0.08725913614034653,-0.018791750073432922,0.06901466101408005,-0.13754487037658691,-0.19675560295581818,-0.11805921792984009,0.2714481055736542,-0.04336846247315407,0.133612260222435,0.03116484545171261,0.19332043826580048,0.004513680934906006,0.16503040492534637,-0.03596406802535057,-7.587504660477862e-05,-0.34007158875465393,-0.11136792600154877,0.1842498481273651,-0.16364026069641113,-0.26543036103248596,0.07545510679483414,0.013623337261378765,0.12245289236307144,0.07064316421747208,-0.23597055673599243,0.11335648596286774,0.19086839258670807,0.06971785426139832,0.03462927043437958,-0.21727851033210754,0.16897277534008026,-0.13426294922828674,-0.1582568734884262,-0.12224587053060532,0.1173420250415802,-0.0851646363735199,0.3202473819255829,-0.33598148822784424
ิ,0.017257727682590485,-0.026112357154488564,0.21474654972553253,0.1214720606803894,-0.09181754291057587,0.07536671310663223,0.017415234819054604,0.07525431364774704,0.06811901926994324,-0.04920954257249832,0.17763970792293549,0.14665593206882477,-0.09721947461366653,0.17207182943820953,0.18559755384922028,-0.02725319191813469,-0.012026225216686726,0.08381612598896027,-0.011023986153304577,-0.09594935178756714,0.15533970296382904,0.0920054018497467,0.12581542134284973,0.05106857419013977,0.12777680158615112,0.07317648828029633,-0.01209193468093872,0.1385658085346222,0.061564721167087555,-0.16308486461639404,0.1559046357870102,0.39148807525634766,0.07285629212856293,0.2544620633125305,0.09362343698740005,-0.04618386551737785,-0.026014219969511032,-0.16836993396282196,0.25016680359840393,0.23846492171287537,-0.07534034550189972,-0.15728366374969482,-0.16283848881721497,-0.11425318568944931,-0.1796380579471588,-0.32685983180999756,-0.09073475003242493,-0.08048690110445023,0.06024925783276558,0.047863006591796875,-0.04388775676488876,-0.16509148478507996,-0.1724206805229187,-0.07670213282108307,-0.27451980113983154,0.040136177092790604,0.04523858055472374,0.1677575409412384,-0.04141055420041084,-0.21925680339336395,-0.02682119607925415,-0.12981396913528442,-0.022588541731238365,0.14523734152317047,-0.050235167145729065,0.10999473184347153,0.07029074430465698,-0.10058470070362091
ี,0.03901700675487518,-0.021111413836479187,-0.09977880865335464,0.03513811528682709,0.08841723948717117,0.10508149117231369,0.14703555405139923,-0.07838849723339081,0.1335391253232956,-0.11264380067586899,-0.051135770976543427,-0.1949062943458557,-0.0679163783788681,-0.06016133725643158,0.12067938596010208,-0.12236671149730682,0.11666641384363174,0.18683598935604095,-0.047102879732847214,-0.10125859081745148,0.020247887820005417,-0.013928355649113655,-0.10920877009630203,0.04184163734316826,0.07633782178163528,0.15090474486351013,0.11389180272817612,0.052233144640922546,0.06718620657920837,0.015272872522473335,-0.05001221224665642,0.24903862178325653,0.07879489660263062,0.1196424812078476,0.006165239494293928,-0.19114331901073456,0.12554800510406494,-0.027345024049282074,0.0167017113417387,0.1126292496919632,-0.13066217303276062,0.06505365669727325,-0.16458015143871307,-0.09005095809698105,0.004149935208261013,-0.07448375970125198,-0.18302038311958313,0.01205812394618988,-0.1406460553407669,-0.028633300215005875,0.07056275755167007,0.007324370089918375,-0.056440237909555435,0.08684995770454407,-0.20502758026123047,0.015888730064034462,0.20415788888931274,0.09999272227287292,0.11513099074363708,0.07183177024126053,-0.02550816722214222,-0.11357039958238602,0.104875847697258,-0.02353101223707199,0.1792590469121933,0.15572060644626617,0.05671572685241699,-0.24917137622833252
ึ,0.0038103682454675436,0.05784333124756813,-0.026600338518619537,0.08364387601613998,-0.09665733575820923,0.049221862107515335,-0.08975394070148468,0.09554044902324677,0.052616018801927567,0.13878217339515686,0.028937270864844322,0.1152314841747284,0.07217848300933838,0.017842762172222137,0.008510428480803967,0.183222696185112,0.08588165044784546,0.1553909331560135,0.20745207369327545,0.030859308317303658,0.09940679371356964,0.1557788848876953,-0.09645732492208481,-0.062612384557724,0.020560333505272865,-0.08085975795984268,-0.06658216565847397,0.13247400522232056,-0.09379390627145767,0.14005202054977417,-0.005283512640744448,-0.07822508364915848,-0.1610046923160553,-0.026887718588113785,-0.07906661182641983,-0.037270914763212204,0.03995416685938835,0.10573402047157288,0.07043008506298065,0.14065296947956085,-0.07894502580165863,0.048202116042375565,-0.04678390920162201,0.034769777208566666,0.06454673409461975,-0.17050662636756897,-0.04000997170805931,0.14673079550266266,0.0017336072633042932,-0.04984084889292717,-0.06471884250640869,-0.14188019931316376,-0.0961519181728363,-0.1365155279636383,0.04091300070285797,0.05139162763953209,0.1251412034034729,0.05169606953859329,0.029673803597688675,-0.03678733482956886,-0.003123909467831254,0.11010321229696274,-0.11457717418670654,0.1383482962846756,0.04883147031068802,-0.12692514061927795,0.07485171407461166,0.13750503957271576
ื,0.06456305086612701,0.022721678018569946,0.09483744949102402,-0.041861433535814285,0.08682321757078171,0.030201932415366173,-0.06847401708364487,0.006733220536261797,0.041789598762989044,-0.1373617798089981,0.0768347755074501,-0.1033489853143692,0.02348998747766018,-0.09310605376958847,-0.031451866030693054,-0.17717918753623962,0.08711250126361847,0.16242174804210663,-0.034826070070266724,-0.1623058319091797,0.05544014275074005,-0.06766632944345474,0.0327596515417099,0.08602821081876755,-0.037973351776599884,-0.08985596895217896,0.00019191214232705534,-0.14995071291923523,0.14079239964485168,-0.09779219329357147,0.12245264649391174,0.0031139652710407972,0.18780235946178436,-0.01778603158891201,0.004629803821444511,-0.07140877097845078,-0.022335156798362732,-0.026309935376048088,0.003468109993264079,-0.018007200211286545,0.02136879228055477,0.007433688268065453,0.003337712725624442,-0.028833262622356415,0.006397643592208624,-0.07482586801052094,-0.031792834401130676,-0.11340532451868057,-0.10389687120914459,0.019177161157131195,0.07402566075325012,-0.10673891007900238,-0.10331568121910095,0.08049130439758301,-0.17137138545513153,-0.037908218801021576,-0.04472466930747032,-0.006768616382032633,0.08003240078687668,-0.10807815194129944,-0.03919680789113045,-0.12920677661895752,0.06462185084819794,-0.1299027055501938,0.0756758525967598,0.14121530950069427,0.12885284423828125,-0.07981108874082565
ๅ,0.0393097884953022,-0.017930157482624054,-0.07813198864459991,-0.09829755127429962,0.10166977345943451,0.04018404334783554,0.0029144498985260725,0.0857081413269043,0.0024504263419657946,0.08399233967065811,0.011837432160973549,-0.03453322499990463,-0.1312350630760193,0.04533887654542923,0.03865760937333107,0.009516085498034954,-0.03834148123860359,-0.02421293593943119,0.0642940029501915,0.04828224703669548,0.06541138887405396,-0.11158444732427597,0.014397201128304005,0.09315095096826553,0.04179313778877258,0.11516563594341278,0.08725392073392868,-0.07352588325738907,0.027408266440033913,-0.019012941047549248,-0.09049122780561447,0.05021708086133003,0.09986090660095215,0.03702745959162712,-0.07500740140676498,0.030779175460338593,-0.03839731216430664,-0.1177244782447815,-0.058081723749637604,-0.092707060277462,-0.019622310996055603,-0.03142712265253067,-0.12059185653924942,0.03696330636739731,-0.09715337306261063,0.07183952629566193,0.09399441629648209,-0.11602385342121124,-0.04194852337241173,-0.020069189369678497,-0.07839307188987732,0.030257269740104675,-0.06547019630670547,-0.09039434045553207,0.02670702151954174,-0.02182972989976406,-0.030720293521881104,-0.032295554876327515,-0.05277800187468529,-0.03583803027868271,0.06452257186174393,-0.08626627922058105,-0.016676241531968117,0.019168773666024208,-0.07189030200242996,-0.07643165439367294,-0.06732736527919769,-0.09903905540704727
ุ,0.013755962252616882,0.01997145265340805,-0.11443829536437988,-0.055055852979421616,-0.03516064211726189,-0.046939417719841,-0.04801303148269653,0.043644972145557404,0.0383678562939167,0.10486259311437607,-0.06253018975257874,-0.09873013943433762,0.14953118562698364,-0.0052184369415044785,0.08424364775419235,0.08254199475049973,0.023915445432066917,-0.11709465086460114,0.14093956351280212,-0.015260881744325161,-0.058112092316150665,0.09851507097482681,0.10643558204174042,0.08343616873025894,-0.03734993189573288,0.07069181650876999,-0.15334729850292206,0.17086420953273773,0.09079254418611526,0.08481630682945251,-0.03497416898608208,-0.10219264775514603,0.06529153883457184,0.14304952323436737,-0.04415247589349747,-0.140117347240448,0.0537942573428154,-0.07905199378728867,0.050810396671295166,0.07952217757701874,0.06104845553636551,-0.12777544558048248,-0.11738090962171555,-0.10546480119228363,0.107781782746315,-0.03501439467072487,0.14999330043792725,0.1871107816696167,0.1894715577363968,0.009185617789626122,0.041380297392606735,-0.12435561418533325,0.13324525952339172,0.07380511611700058,0.05206628143787384,0.08628145605325699,-0.01796853356063366,-0.11914754658937454,-0.1463346779346466,-0.0797361508011818,0.026075556874275208,-0.014305063523352146,-0.06606985628604889,0.12747488915920258,-0.03398267924785614,-0.17946159839630127,-0.13924571871757507,-0.0552285872399807
ู,-0.07131614536046982,0.05160190910100937,0.01176114659756422,-0.14563411474227905,-0.028437579050660133,0.13704432547092438,-0.09124910086393356,0.04075253754854202,-0.052049849182367325,-0.07543718814849854,0.02374746836721897,-0.09783711284399033,0.0036347080022096634,0.06748398393392563,-0.03237210214138031,-0.12480425834655762,6.998739263508469e-05,0.09538916498422623,-0.06744252145290375,-0.14537113904953003,-0.11434677988290787,-0.1826810985803604,0.11038999259471893,-0.00042019764077849686,-0.002590616699308157,-0.022188274189829826,-0.01730063371360302,-0.04503848776221275,-0.03078003227710724,-0.014669233001768589,-0.03037226013839245,0.08938590437173843,0.14899910986423492,0.1278139054775238,0.12094608694314957,-0.05836665257811546,-0.04526461660861969,-0.0793135017156601,0.01575404778122902,-0.04861890897154808,0.020468953996896744,0.024387270212173462,-0.004536949098110199,0.02766535058617592,-0.007323265075683594,0.05218390002846718,-0.0669591948390007,-0.01971478760242462,-0.038445957005023956,-0.011564544402062893,0.1515236794948578,-0.018696656450629234,0.05873465910553932,0.009884381666779518,-0.09657634794712067,0.0009276379132643342,0.042773470282554626,0.08720829337835312,-0.06226556748151779,0.02458426170051098,-0.015315212309360504,-0.17397281527519226,-0.008671057410538197,-0.0997917577624321,-0.05744028463959694,0.18480120599269867,-0.06923045963048935,0.025311093777418137
เ,-0.15640179812908173,0.0009971332037821412,0.02430872432887554,0.053902994841337204,0.05725966393947601,-0.04461909458041191,-0.004905857611447573,0.1018299013376236,-0.17675943672657013,-0.09854235500097275,-0.11545825749635696,0.09680014848709106,-0.02123188227415085,0.0631406307220459,0.0230434350669384,-0.005419557448476553,0.04004852473735809,-0.09328128397464752,-0.08195210993289948,0.014330653473734856,-0.03094293735921383,0.08918586373329163,0.054077863693237305,-0.13469438254833221,-0.13557492196559906,-0.12537388503551483,0.07272998243570328,-0.14938870072364807,-0.11974291503429413,-0.23763565719127655,0.02236412838101387,-0.05239831283688545,0.016084594652056694,-0.038817111402750015,-0.06237555667757988,-0.030076870694756508,-0.14410582184791565,-0.006893042474985123,-0.0579686313867569,-0.11891067028045654,-0.019258875399827957,-0.03927469626069069,0.07444510608911514,0.15747007727622986,0.09010283648967743,-0.027504345402121544,-0.028032934293150902,-0.08381178230047226,-0.15698914229869843,-0.09874121844768524,0.09116902202367783,-0.016099179163575172,0.04130765423178673,0.06014201417565346,-0.04919501394033432,0.02692789025604725,-0.10132428258657455,-0.09446416050195694,-0.029602738097310066,0.051238734275102615,0.004112398251891136,-0.1576552540063858,-0.11792079359292984,-0.05815090239048004,0.03471079096198082,-0.0722857192158699,0.06852894276380539,0.041680119931697845
โ,0.1568915992975235,0.1293472796678543,0.06300953775644302,0.08873330056667328,-0.12220066040754318,-0.009852469898760319,-0.04037779942154884,-0.055761028081178665,0.09164074808359146,-0.015676891431212425,0.1040569469332695,-0.03959193453192711,-0.12167959660291672,0.06603341549634933,0.07393738627433777,0.11814093589782715,0.17366904020309448,-0.0017418884672224522,0.08750244230031967,-0.18673647940158844,0.11988596618175507,-0.1442936807870865,0.05444112792611122,0.16196118295192719,-0.057950593531131744,-0.027008280158042908,0.06495806574821472,-0.04270299896597862,0.04703022912144661,-0.026844939216971397,-0.02973511628806591,0.11793914437294006,0.10716342180967331,0.03437851369380951,0.10835711658000946,0.045359667390584946,0.1774551272392273,-0.087736114859581,-0.023858506232500076,0.06859250366687775,0.07555582374334335,-0.13193391263484955,-0.002012368058785796,-0.15938857197761536,-0.09330040961503983,-0.015074479393661022,-0.06055430322885513,0.023013513535261154,-0.05982714891433716,-0.11812260746955872,-0.09479144960641861,0.06358600407838821,-0.13161277770996094,-0.1308136135339737,-0.11071279644966125,-0.015083206817507744,0.1552928388118744,-0.025207001715898514,0.048537131398916245,-0.00717155821621418,-0.039713360369205475,0.10461705923080444,-0.06258413940668106,-0.07436203211545944,0.09582371264696121,-0.09125253558158875,0.003172995988279581,-0.12429638206958771
แ,-0.048361990600824356,-0.11674392968416214,-0.06994739919900894,-0.07845621556043625,0.020254969596862793,-0.007495238911360502,-0.030703017488121986,0.06989766657352448,-0.1218821257352829,0.009261147119104862,-0.16280221939086914,0.05871323123574257,-0.06995656341314316,0.11734317988157272,-0.047485046088695526,-0.07533329725265503,0.01351075991988182,-0.14007151126861572,-0.1921107918024063,0.10672298818826675,-0.11273614317178726,0.07880937308073044,-0.06699904054403305,-0.21382993459701538,0.015501086600124836,0.10982955992221832,0.09240943193435669,-0.06047612056136131,-0.03018367849290371,-0.18521282076835632,0.1032424196600914,-0.08738278597593307,0.07236196845769882,-0.14563065767288208,-0.003897609654814005,-0.04827167093753815,0.057205680757761,0.042208731174468994,-0.12040842324495316,0.010732843540608883,0.07695341855287552,0.10632678866386414,-0.024757763370871544,-0.00991201400756836,0.08009195327758789,0.15139958262443542,0.057537488639354706,0.04892556369304657,0.05520565062761307,0.07044118642807007,-0.08668650686740875,-0.05639443174004555,0.03252262994647026,-0.09910547733306885,0.05649843066930771,0.04905756190419197,-0.02378772385418415,-0.1257302463054657,-0.008603701367974281,0.025122974067926407,-0.1697903871536255,0.06474167108535767,-0.0613061897456646,0.07351633161306381,0.004126186016947031,-0.09209802746772766,0.05938694626092911,0.08552186191082001
ะ,0.05988016724586487,-0.06781326234340668,-0.09601594507694244,-0.005158823449164629,0.1382361650466919,-0.062452927231788635,0.10666321218013763,0.10141772031784058,-0.03417035937309265,-0.0014380743959918618,0.0791502594947815,0.19426339864730835,0.009718912653625011,-0.036198001354932785,0.01762683130800724,0.04953518882393837,-0.15774916112422943,0.004569791257381439,-0.03125545009970665,-0.007974025793373585,-0.057304058223962784,0.19571541249752045,-0.10508028417825699,-0.06396264582872391,-0.04728417098522186,0.03578510880470276,0.09377972781658173,0.15910902619361877,-0.05018184334039688,0.07469886541366577,0.07061004638671875,-0.12265731394290924,0.0211851354688406,0.0025077618192881346,-0.03053666464984417,0.10094562917947769,0.03517431765794754,0.032712407410144806,0.04264166206121445,0.02756217122077942,-0.058150216937065125,0.05103385075926781,-0.09941434860229492,-0.08640407770872116,-0.01996435783803463,0.061961445957422256,0.126697838306427,0.09888395667076111,0.1644732803106308,-0.1638633906841278,-0.1928217113018036,0.0014153763186186552,-0.07254482060670853,0.08889222145080566,-0.015804946422576904,-0.09842872619628906,0.054598428308963776,-0.09736812859773636,-0.016370652243494987,0.029211269691586494,0.10569993406534195,0.14366766810417175,-0.07428974658250809,-0.015713319182395935,-0.057611774653196335,-0.23135747015476227,0.07597599178552628,0.18619617819786072
ั,0.08861759305000305,0.020746318623423576,0.09873736649751663,0.003238570410758257,0.01839309185743332,-0.1106376126408577,-0.05554822087287903,-0.010794798843562603,0.11520829051733017,0.03507038950920105,0.038648802787065506,0.11552418768405914,-0.013492712751030922,0.019395282492041588,0.011637164279818535,-0.05723460391163826,0.012544672936201096,0.0013685161247849464,0.05754576250910759,-0.041087642312049866,-0.0713689997792244,0.08647949248552322,0.12338512390851974,0.04334113001823425,-0.041174229234457016,-0.03163270279765129,0.0289266686886549,0.06050950661301613,0.0821726843714714,-0.10105239599943161,-0.007498840801417828,0.03582435101270676,-0.06267939507961273,0.09221666306257248,0.05417868494987488,0.08717775344848633,-0.06069290265440941,0.07318029552698135,-0.06438493728637695,0.03807168826460838,0.13667845726013184,-0.11005622148513794,-0.005362830124795437,-0.12101820111274719,-0.004915584344416857,0.045155126601457596,-0.09282092750072479,-0.054263897240161896,-0.10558418929576874,0.1276342272758484,-0.09260409325361252,0.05957615375518799,-0.06945352256298065,0.07959071546792984,-0.08246536552906036,-0.01651618257164955,-0.03255467116832733,0.01460940483957529,-0.13767093420028687,-0.01646989956498146,-0.07567637413740158,0.08676494657993317,0.024999340996146202,0.07383697479963303,0.09682600945234299,0.04506765305995941,0.0975557267665863,0.06857656687498093
า,0.0586986243724823,0.09460227936506271,-0.10534313321113586,-0.1305404007434845,-0.014622521586716175,0.10705319792032242,-0.08177674561738968,-0.04737795144319534,0.04611700028181076,-0.13195420801639557,0.018942242488265038,-0.2006542980670929,-0.1257847100496292,0.06560040265321732,-0.08567628264427185,-0.036617461591959,0.04773351922631264,0.15089406073093414,-0.07266054302453995,-0.0011284820502623916,0.12127172946929932,-0.1366974264383316,0.02216395176947117,0.010258181020617485,0.037718839943408966,-0.07233251631259918,0.10740749537944794,0.053147125989198685,0.04137376695871353,-0.08207670599222183,0.11385852098464966,0.05755690857768059,0.16070185601711273,-0.04757847636938095,-0.0616958923637867,-0.0658220574259758,-0.09052494168281555,0.055427104234695435,0.12145132571458817,0.10389018058776855,-0.05772129073739052,-0.010625955648720264,-0.0031619726214557886,0.08441238105297089,0.04161074757575989,-0.08489375561475754,0.009998351335525513,-0.11610960215330124,0.06674041599035263,-0.09298708289861679,0.019122419878840446,0.01342430803924799,0.0030698191840201616,-0.05426414683461189,-0.042487312108278275,0.0765414759516716,0.07448309659957886,0.12724846601486206,0.15255840122699738,0.12745873630046844,0.023345420137047768,-0.15276476740837097,-0.06737692654132843,0.032035429030656815,0.11580987274646759,0.08025863766670227,0.10240744054317474,-0.1641811579465866
ำ,-0.07153508067131042,0.060843370854854584,-0.0389469750225544,0.07925727963447571,-0.012438789941370487,0.039449404925107956,-0.08962148427963257,-0.03749311715364456,0.054481375962495804,-0.037607695907354355,-0.05946871265769005,0.054759249091148376,0.017062978819012642,-0.057147614657878876,-0.126116082072258,0.046849433332681656,-0.03582477569580078,-0.14251910150051117,0.11877840012311935,0.09254448860883713,0.0785059928894043,0.13879802823066711,0.02284163609147072,0.0708686038851738,0.011997676454484463,0.1160135492682457,-0.1351136565208435,0.011894164606928825,0.07852283865213394,0.0299252700060606,-0.005203522741794586,-0.03335554525256157,-0.1961756944656372,-0.023417942225933075,-0.007054748944938183,-0.052116382867097855,-0.07316135615110397,0.07936064153909683,-0.04708803817629814,-0.06654451787471771,-0.08900929987430573,0.06741832196712494,0.06312459707260132,0.04587985947728157,0.04498441517353058,-0.09123466908931732,0.10120244324207306,0.0526164248585701,-0.012343279086053371,-0.134636789560318,-0.11976910382509232,-0.0017863725079223514,0.010791350156068802,-0.0008480444666929543,0.017087431624531746,0.07043830305337906,-0.0111846923828125,-0.05912866070866585,0.09026279300451279,0.09162349253892899,-0.055283915251493454,0.08189557492733002,-0.12825748324394226,0.1723218560218811,0.04971884936094284,-0.21062812209129333,0.03947410732507706,0.006893849931657314
ใ,0.03577757254242897,0.10493525862693787,0.06114482879638672,0.006860568653792143,-0.05841336399316788,0.12210916727781296,-0.03639198839664459,-0.0045872097834944725,-0.06204303726553917,0.009371916763484478,-0.07684158533811569,-0.030260277912020683,-0.12184841185808182,0.06994472444057465,-0.06318584084510803,0.04885385185480118,-0.07863083481788635,0.07452884316444397,-0.04232406988739967,-0.03827657550573349,-0.00790692213922739,0.09469392895698547,-0.04703407362103462,-0.0932355672121048,-0.10009416937828064,0.06317901611328125,0.04258570075035095,0.07873927056789398,-0.09940743446350098,-0.03820984810590744,-0.06349854916334152,0.08124300092458725,-0.08036497235298157,0.09266704320907593,-0.10582007467746735,0.061769790947437286,-0.020331166684627533,-0.08252565562725067,-0.06679993122816086,-0.10740487277507782,-0.008495142683386803,0.10633378475904465,0.10656876116991043,-0.049854978919029236,-0.11016079038381577,-3.1091196433408186e-05,0.07393327355384827,0.03609278425574303,0.10897624492645264,0.04606640338897705,0.028803806751966476,0.04474974796175957,0.06047380343079567,0.06726940721273422,-0.040803439915180206,0.02822226472198963,0.012192686088383198,0.10656312853097916,-0.11677438765764236,-0.021005738526582718,-0.04370491951704025,-0.08385473489761353,0.002334804739803076,0.011303373612463474,-0.09287235885858536,-0.006756349932402372,0.07678092271089554,0.009945979341864586
ไ,-0.02575586922466755,-0.11043699085712433,0.04275673255324364,0.010806763544678688,0.10927288234233856,0.08252641558647156,-0.028065059334039688,0.008665159344673157,-0.039836179465055466,-0.071476049721241,0.07747422158718109,0.06290466338396072,-0.07308216392993927,0.09771672636270523,-0.0420631505548954,0.057174693793058395,-0.09606757014989853,-0.04562029987573624,0.1062779426574707,-0.09665894508361816,-0.10060599446296692,-0.0693475753068924,0.10554604232311249,0.021871475502848625,0.09251914918422699,-0.028664691373705864,0.10801110416650772,0.11682538688182831,0.020957529544830322,0.09575972706079483,-0.11106327176094055,0.04219868779182434,0.09189905971288681,0.060241442173719406,0.10999013483524323,-0.062225326895713806,-0.04616885632276535,-0.060526542365550995,0.07347738742828369,-0.030055686831474304,0.06460937112569809,0.07379256933927536,-0.055633556097745895,-0.11982281506061554,0.08873719722032547,-0.04653215408325195,0.11295242607593536,-0.10885173082351685,-0.03987541049718857,0.1090366467833519,0.07158106565475464,0.07341745495796204,0.00013784525799565017,-0.002418561838567257,0.05837912857532501,0.06431102007627487,0.07751438766717911,0.09234949946403503,0.04750297591090202,-0.08276708424091339,0.09727918356657028,-0.0942486822605133,0.1149827241897583,-0.08228185772895813,0.06281062960624695,0.06465229392051697,0.01452309638261795,-0.04807008057832718
็,0.07703711092472076,0.008626780472695827,-0.0851706713438034,0.04469059407711029,-0.1298273801803589,-0.06618627905845642,-0.08391719311475754,-0.0164094939827919,-0.027410291135311127,0.1376514583826065,-0.24333737790584564,0.03863915801048279,-0.07910637557506561,-0.010402343235909939,-0.13561703264713287,-0.03078491985797882,0.06092339754104614,-0.12445955723524094,0.05852356180548668,-0.00881507620215416,-0.06690386682748795,-0.05040574446320534,-0.05483119562268257,-0.08205578476190567,-0.20543088018894196,-0.19376608729362488,-0.12022019922733307,-0.1505323052406311,0.018727824091911316,-0.1356334537267685,0.08333970606327057,-0.21358834207057953,-0.1009034737944603,0.10055672377347946,-0.12212755531072617,0.23549219965934753,0.03821318969130516,0.13185925781726837,-0.07866667956113815,0.03846333175897598,0.12151625752449036,0.04894987493753433,0.15782900154590607,0.06753770262002945,-0.01404024288058281,0.0759354680776596,-0.11567090451717377,0.08993091434240341,0.08511419594287872,0.1626489907503128,0.1955386847257614,0.13012805581092834,0.2303704172372818,-0.00400445656850934,0.10838712751865387,-0.034079957753419876,0.007485170848667622,-0.022658374160528183,0.016463903710246086,-0.02742472104728222,-0.0016592051833868027,-0.1718582659959793,0.06435208022594452,0.08351927250623703,-0.034948479384183884,-0.10676486790180206,-0.09191165864467621,-0.08687228709459305
่,-0.4704245626926422,-0.06863708049058914,-0.14137114584445953,0.23635481297969818,0.029728855937719345,-0.08305802196264267,0.07284068316221237,-0.054532818496227264,0.11329387873411179,0.016361039131879807,0.115458644926548,0.28214842081069946,0.12230554223060608,0.12931227684020996,-0.10636857897043228,0.2595769762992859,0.03295699879527092,-0.112415611743927,-0.2330007255077362,0.06759242713451385,0.028378665447235107,0.06723301857709885,-0.09380204975605011,0.02742956392467022,-0.05161462351679802,-0.020708413794636726,-0.08840361982584,0.2516811490058899,0.06208227202296257,-0.17562761902809143,0.014187214896082878,0.22874170541763306,-0.23533496260643005,-0.010507863014936447,0.14574967324733734,-0.08766161650419235,-0.035436514765024185,-0.08303651213645935,-0.3176347613334656,-0.2330733984708786,-0.020367125049233437,-0.026711788028478622,-0.254008412361145,0.07798030972480774,0.2950102686882019,-0.06063546985387802,-0.08581488579511642,-0.11609307676553726,0.26030203700065613,-0.05531494319438934,0.24313794076442719,0.0025519714690744877,0.12877778708934784,-0.16464662551879883,0.1766069531440735,-0.1453889161348343,-0.05095277354121208,-0.025316080078482628,-0.029722344130277634,0.1616341918706894,-0.014095627702772617,0.034507714211940765,0.0937289446592331,-0.1738472580909729,-0.20864596962928772,0.08808650076389313,-0.21074426174163818,0.2961421310901642
้,-0.04220383241772652,-0.026748506352305412,0.05598367750644684,-0.08125900477170944,0.023912401869893074,-0.011634988710284233,0.07268476486206055,-0.06768965721130371,-0.09064283967018127,-0.04069966450333595,-0.06803205609321594,-0.052792418748140335,0.035667482763528824,0.14448700845241547,-0.059159912168979645,0.0681743249297142,0.10120658576488495,-0.051272183656692505,-0.017676202580332756,0.008482192642986774,-0.01892559789121151,-0.029986560344696045,0.0064100343734025955,0.07395210862159729,-0.10512639582157135,0.03365383669734001,0.06615395098924637,-0.015585964545607567,0.10669605433940887,-0.10217896848917007,0.052136536687612534,-0.053961388766765594,-0.0980275347828865,0.10765823721885681,-0.05317109078168869,0.00434348126873374,-0.029108023270964622,-0.018085787072777748,-0.08008045703172684,-0.012286653742194176,0.040662992745637894,0.07963649928569794,-0.017078138887882233,-0.05349966883659363,0.05862189456820488,-0.11512145400047302,-0.05836621671915054,0.0032408866100013256,0.061941225081682205,0.12946908175945282,0.09616552293300629,0.05022098869085312,0.057656049728393555,-0.05669492855668068,0.1049712672829628,0.044007495045661926,-0.06958840787410736,0.0915265679359436,-0.08418174833059311,0.12595346570014954,-0.10516256839036942,-0.03491027280688286,-0.05252378433942795,-0.09573393315076828,-0.004673078190535307,0.09380996972322464,-0.01334436982870102,0.1552625298500061
๊,-0.10188255459070206,0.11041726917028427,0.07885610312223434,-0.05817851424217224,-0.10644596070051193,0.1025591641664505,-0.08089784532785416,0.030974922701716423,-0.07676650583744049,0.04834264516830444,-0.06591980159282684,-0.036917686462402344,-0.07157681882381439,0.09279342740774155,-0.017280662432312965,0.09024234861135483,0.06194950267672539,0.08274855464696884,-0.08722618222236633,-0.13108617067337036,0.013066735118627548,-0.0028296441305428743,-0.006877422798424959,-0.09648691862821579,-0.08899807184934616,0.028100475668907166,-0.08662714809179306,-0.059962086379528046,0.008603322319686413,-0.11515980213880539,-0.025047356262803078,0.034352630376815796,-0.059573154896497726,-0.023194650188088417,-0.060682542622089386,0.05121363699436188,0.07640548795461655,0.07453208416700363,0.03289903327822685,-0.01972416788339615,0.11756907403469086,0.1002088412642479,0.0015192015562206507,-0.08062070608139038,0.0043663945980370045,-0.023455124348402023,0.027800606563687325,0.03330959752202034,0.09434278309345245,-0.10080709308385849,0.0724271684885025,-0.05584616959095001,0.049733009189367294,0.0420791357755661,0.11270908266305923,0.0058173686265945435,0.0006789494073018432,-0.1043800413608551,0.016121817752718925,0.05652396008372307,0.019980795681476593,0.04245414957404137,0.11743450164794922,0.03449872508645058,-0.04696729779243469,-0.0023659684229642153,-0.030830759555101395,0.1219382956624031
๋,-0.0314176008105278,-0.08271348476409912,-0.04943249002099037,-0.013414299115538597,-0.06296452134847641,-0.06456827372312546,0.07312340289354324,-0.11062457412481308,-0.06304723769426346,0.08559631556272507,-0.03545753285288811,0.03219342231750488,-0.09523957967758179,0.09056953340768814,-0.06292339414358139,0.04197341576218605,0.03279445320367813,-0.03378026932477951,0.09137274324893951,0.005597809329628944,-0.051066990941762924,-0.1336355209350586,-0.08991146087646484,0.06450745463371277,-0.07008035480976105,0.06140563637018204,0.00032468666904605925,0.11848907172679901,-0.07452946901321411,-0.10279002040624619,0.10275134444236755,0.06770499795675278,0.026219487190246582,0.049026135355234146,0.1301470696926117,0.10413897037506104,-0.10925474017858505,-0.10438362509012222,0.011686105281114578,-0.07850721478462219,0.12764573097229004,0.019306495785713196,0.04757269471883774,0.01028470043092966,-0.12127795815467834,0.01052878424525261,0.026689738035202026,0.0973421186208725,-0.04687877744436264,-0.11967737972736359,0.00618118979036808,0.024098234251141548,-0.06793301552534103,-0.044413112103939056,-0.012614676728844643,-0.12922531366348267,-0.046215370297431946,-0.11449744552373886,-0.17252957820892334,0.09569051861763,0.10321003198623657,-0.02694358304142952,0.018297594040632248,0.13179533183574677,0.05405976250767708,-0.031906358897686005,0.10991891473531723,-0.02259035035967827
์,0.28992339968681335,0.12205182760953903,0.12740154564380646,-0.2329135686159134,0.1384912133216858,0.0481681302189827,-0.024831969290971756,-0.006073970813304186,-0.23520313203334808,-0.04351801052689552,0.04608060047030449,-0.11522514373064041,0.06532885134220123,-0.05709132179617882,0.1849258989095688,-0.18907682597637177,-0.16980712115764618,0.10738811641931534,0.1928267478942871,-0.04014213755726814,0.05187493935227394,0.18917569518089294,-0.17338699102401733,0.15707871317863464,0.21490567922592163,0.04355848208069801,0.11353132873773575,-0.07746805995702744,-0.09194763004779816,0.02364388480782509,0.1593586802482605,-0.048115555197000504,0.1367136836051941,0.04616992175579071,-0.08256205916404724,-0.0260158684104681,-0.06658895313739777,0.023624250665307045,0.1953020542860031,0.06101143732666969,0.010996288619935513,0.2483358234167099,0.095854751765728,0.2436990886926651,-0.08407964557409286,-0.052629318088293076,0.13430756330490112,-0.1294102966785431,-0.23754973709583282,0.22163449227809906,-0.08103296160697937,0.0621475949883461,-0.16163580119609833,0.13017234206199646,-0.03226713836193085,0.0826120525598526,0.06166540086269379,0.20026300847530365,0.06828658282756805,-0.1569497138261795,0.20981569588184357,-0.014705886133015156,-0.04692698270082474,-0.1612735390663147,-0.004510538652539253,-0.0773710384964943,-0.08271944522857666,0.032566290348768234
