ม,0.3355877995491028,0.32590150833129883,-0.35982415080070496,0.4028131067752838,-0.3047744333744049,0.1801804155111313,0.015515266917645931,-0.21372053027153015,0.4231952130794525,0.207681342959404,0.0647813007235527,0.061189401894807816,0.25117114186286926,0.003577926428988576,0.07314600795507431,0.1739780604839325,-0.27887386083602905,0.10640372335910797,-0.015549346804618835,0.045103564858436584,0.3416590988636017,-0.03510474041104317,-0.5856910347938538,-0.08970183879137039,0.09095077216625214,0.37726059556007385,-0.08566348254680634,-0.19624827802181244,-0.2574808895587921,0.1519889384508133,-0.7676119208335876,0.02582857944071293,0.13939179480075836,0.27339968085289,0.07517895102500916,0.337019145488739,-0.5190784931182861,-0.01610809750854969,0.19203057885169983,-0.014650141820311546,0.04373130574822426,-0.2675020098686218,0.1679079830646515,-0.2595403492450714,-0.07440438121557236,0.18230530619621277,0.026038698852062225,0.08630917221307755,-0.27555525302886963,0.7467555403709412,0.21094003319740295,0.011207282543182373,-0.3867969810962677,0.1713179349899292,0.04567008092999458,-0.31454533338546753,-0.14402195811271667,-0.45459023118019104,-0.07521601766347885,-0.4428715705871582,0.26532262563705444,0.413646936416626,-0.2998986840248108,-0.05759752169251442,0.11464226990938187,-0.09584128856658936,-0.14564336836338043,-0.14612556993961334
ณ,0.3017691373825073,0.26401275396347046,-0.5050911903381348,-0.09652194380760193,0.025694873183965683,-0.5305804014205933,-0.19019579887390137,0.15417374670505524,-0.39411014318466187,0.41916030645370483,0.24786801636219025,0.2855852544307709,0.16560404002666473,-0.18965625762939453,0.06535108387470245,-0.49242204427719116,-0.17079533636569977,-0.2501949667930603,-0.1734950691461563,0.03874971717596054,0.08827133476734161,-0.11579687148332596,-0.25902777910232544,-0.1527402400970459,0.08492077142000198,-0.04435614496469498,0.16565430164337158,0.08026562631130219,-0.49564307928085327,0.3648805022239685,-0.2090855985879898,0.5683892965316772,0.32293641567230225,0.06706194579601288,-0.20179526507854462,0.3816039562225342,0.056027576327323914,-0.10483119636774063,-0.15302765369415283,0.2676730155944824,0.08049164712429047,0.23613272607326508,-0.07173718512058258,-0.039477620273828506,0.28858640789985657,0.313791424036026,0.33067652583122253,0.32946139574050903,0.026368116959929466,0.026483306661248207,0.16690944135189056,0.01752735674381256,0.4480847120285034,-0.34775227308273315,-0.3164013624191284,-0.27048611640930176,-0.39401277899742126,0.5317316055297852,0.08696445822715759,-0.3083994388580322,-0.25313952565193176,0.06241583451628685,-0.29151418805122375,0.13975803554058075,0.3584827184677124,-0.35099107027053833,-0.061066437512636185,-0.09544096142053604
น,-0.35892796516418457,-0.47921743988990784,-0.131581649184227,-0.24066464602947235,0.022994713857769966,-0.3414650559425354,-0.2577477991580963,0.6364500522613525,0.10317021608352661,0.10059519112110138,-0.2208097279071808,0.45024049282073975,0.12873123586177826,0.12100831419229507,0.21366025507450104,0.06550032645463943,-0.1963333636522293,-0.06570939719676971,-0.396675705909729,0.3458307385444641,0.02284799888730049,0.23132890462875366,-0.3070787489414215,-0.11494443565607071,0.32033076882362366,-0.12968480587005615,0.5666862726211548,-0.05720919370651245,-0.05977257713675499,-0.33879026770591736,-0.06366615742444992,0.2467520534992218,-0.014936940744519234,-0.19423845410346985,0.5057767033576965,0.13379205763339996,0.004642250947654247,0.02037525363266468,-0.04354478791356087,0.22532320022583008,-0.2219308465719223,0.2943851053714752,0.2705652713775635,-0.08188462257385254,0.09187445044517517,0.3800943195819855,0.19977912306785583,0.3177589774131775,-0.09913333505392075,0.7359480261802673,-0.36086317896842957,-0.06984423100948334,0.37704986333847046,-0.0075667924247682095,-0.44485634565353394,0.10778838396072388,-0.2691088616847992,-0.0718194842338562,-0.07015452533960342,-0.10175463557243347,0.0733579471707344,-0.05294157192111015,0.008958390913903713,0.1551094353199005,-0.269961953163147,0.01097895298153162,0.34019935131073,-0.4664551317691803
ง,-0.5622919201850891,-0.20264478027820587,0.02945399470627308,0.04572247713804245,-0.43054822087287903,0.39240747690200806,-0.33464735746383667,0.2584979832172394,-0.07770441472530365,-0.09648583084344864,0.15099544823169708,-0.39438968896865845,0.11097536236047745,-0.22474853694438934,0.17111088335514069,-0.2889916002750397,-0.13818630576133728,0.10402408242225647,-0.04304032772779465,-0.027436185628175735,-0.0987720787525177,0.21790531277656555,0.3448324203491211,0.3439754247665405,-0.17620119452476501,0.019384799525141716,0.4469371736049652,-0.09865149110555649,0.25380319356918335,-0.03382790461182594,0.39989376068115234,0.1752426028251648,-0.17224478721618652,-0.06690620630979538,-0.12382317334413528,-0.007316903676837683,0.015495508909225464,0.17921502888202667,-0.2511972188949585,-0.04858013987541199,0.2109873741865158,0.3410966992378235,-0.15907466411590576,0.1448204666376114,0.5152150988578796,-0.2034926414489746,-0.20016920566558838,0.2608999013900757,0.03688874840736389,-0.03680717200040817,-0.1764853149652481,0.11517133563756943,-0.44985994696617126,0.18462707102298737,-0.2612045705318451,0.3673659861087799,-0.053329601883888245,0.41058164834976196,0.692959189414978,0.6401758790016174,-0.4578580856323242,0.15294192731380463,0.48980528116226196,0.2976304590702057,-0.18707628548145294,-0.07468603551387787,0.08310861140489578,0.003328461665660143
ผ,-0.5780941843986511,-0.24241667985916138,-0.6090049743652344,-0.04730100929737091,-0.005358425434678793,0.09324602037668228,-0.16486753523349762,0.10272134095430374,-0.3084968030452728,0.22895219922065735,-0.15572094917297363,-0.030342722311615944,0.4666973054409027,-0.29623860120773315,-0.18212640285491943,-0.1314709633588791,-0.36667612195014954,0.29169777035713196,0.16006258130073547,-0.10165520012378693,-0.33851420879364014,-0.01918988674879074,0.28895705938339233,0.40815970301628113,-0.1138731837272644,0.013148847036063671,-0.10710673034191132,-0.3431611955165863,0.14634215831756592,-0.20239897072315216,-0.18469825387001038,0.36539945006370544,0.05321364849805832,0.5038369297981262,-0.24014221131801605,0.09593039751052856,-0.11910612136125565,-0.029980864375829697,-0.07560130953788757,0.3070030212402344,-0.08241459727287292,-0.16161930561065674,0.11136534065008163,-0.3828982710838318,0.1391739696264267,-0.05753473937511444,-0.27298489212989807,-0.20904792845249176,0.48515841364860535,0.17507340013980865,-0.4844660758972168,-0.3198644816875458,-0.3242295980453491,0.38749536871910095,0.1379421055316925,0.2522219717502594,0.10318411886692047,-0.14437654614448547,-0.415298730134964,-0.2833150029182434,-0.002286707516759634,-0.2477932870388031,-0.16734245419502258,0.2559494078159332,0.31062936782836914,-0.005534847266972065,-0.04744540899991989,0.1265564262866974
พ,-0.06091775745153427,-0.07184626907110214,0.5746631026268005,0.09044225513935089,0.5329927802085876,0.18886981904506683,0.037529751658439636,0.19571813941001892,-0.07361391186714172,0.3367006778717041,0.16933573782444,-0.45276331901550293,-0.40403634309768677,0.28881192207336426,0.06753656268119812,-0.530556857585907,0.4489242732524872,-0.15079998970031738,0.29448390007019043,0.015128135681152344,0.2520260214805603,0.10288071632385254,0.07712352275848389,-0.32138654589653015,0.18151234090328217,-0.2164091318845749,-0.5570996403694153,0.4136650264263153,-0.11456045508384705,0.1862003207206726,-0.13929566740989685,0.14008882641792297,-0.23294200003147125,0.3166445791721344,-0.16235476732254028,-0.19816583395004272,0.17542517185211182,-0.21648776531219482,-0.3572181761264801,0.33344873785972595,-0.16277900338172913,0.5368950366973877,0.1877555549144745,-0.05434141680598259,0.3718464970588684,0.1402006298303604,0.1810930222272873,-0.15654684603214264,-0.15100568532943726,-0.15869639813899994,0.3374984860420227,0.1134386658668518,0.08090171217918396,0.0931319147348404,0.4639287292957306,0.3530674874782562,-0.1592327505350113,0.18722735345363617,-0.21932756900787354,-0.053317535668611526,0.06788397580385208,0.06897235661745071,-0.48014774918556213,-0.0578615665435791,-0.17368917167186737,-0.12427972257137299,0.40246233344078064,-0.40288862586021423
ภ,0.22979551553726196,0.08366906642913818,0.2363581508398056,-0.04388433322310448,-0.021833976730704308,0.28799375891685486,-0.35560521483421326,0.46439576148986816,0.025729797780513763,0.013201377354562283,0.27604278922080994,-0.37327858805656433,-0.11575336009263992,-0.1465335190296173,-0.4218692183494568,0.003429334843531251,-0.22989176213741302,0.23233941197395325,0.15263260900974274,-0.07212909311056137,0.13672471046447754,0.4254395365715027,0.276637464761734,-0.06472513824701309,-0.24332016706466675,0.20329143106937408,0.1514945775270462,0.04478077217936516,-0.14415580034255981,-0.16616187989711761,-0.1797138750553131,0.08545754104852676,-0.06065477803349495,0.29302704334259033,-0.2325046956539154,0.2757701575756073,-0.3648521900177002,0.2678745687007904,0.12988033890724182,-0.5730491280555725,-0.04622529447078705,-0.010742729529738426,-0.03040016070008278,0.25398311018943787,-0.002771419007331133,0.006941382307559252,0.4512594938278198,0.3865029811859131,0.0389263778924942,0.2758611738681793,-0.2708590626716614,0.040736787021160126,0.44260111451148987,-0.33471229672431946,-0.8193429708480835,-0.4163452386856079,0.3455955386161804,0.08525141328573227,0.2255869060754776,0.2858768105506897,0.004597008228302002,0.04879003390669823,0.45340457558631897,0.08493045717477798,0.36948955059051514,0.3264227509498596,0.2146734893321991,0.004646671935915947
ป,-0.34487760066986084,-0.016608556732535362,0.5198496580123901,0.20633219182491302,-0.16916140913963318,-0.06160031259059906,-0.15125107765197754,0.43788981437683105,0.15386070311069489,0.3505537211894989,-0.23319955170154572,0.527202844619751,0.0793122947216034,0.2877953052520752,-0.27987155318260193,-0.16612876951694489,0.22331304848194122,0.05532471090555191,0.3473914563655853,0.5080480575561523,-0.31802457571029663,-0.12341201305389404,-0.02448449656367302,0.5206552743911743,0.08420758694410324,0.2330419272184372,-0.2560010552406311,-0.1382315754890442,-0.05727183446288109,0.02366577833890915,-0.2843128740787506,-0.23528195917606354,0.028761228546500206,-0.33166345953941345,-0.0734391137957573,0.06227932125329971,-0.30927637219429016,0.18056565523147583,-0.4907997250556946,-0.25793635845184326,0.3359139859676361,0.6116735935211182,-0.05456098914146423,0.2614397704601288,0.15749268233776093,0.27116864919662476,-0.17594538629055023,-0.02760983444750309,-0.19200687110424042,-0.07805849611759186,-0.033540114760398865,0.09027548879384995,-0.3081963360309601,-0.17416641116142273,0.08089280128479004,-0.0741192027926445,0.41045135259628296,-0.3932788372039795,0.6510549783706665,-0.04471287876367569,0.24483168125152588,0.4089813530445099,0.06568002700805664,0.3356233239173889,0.13004694879055023,-0.08596331626176834,0.15777352452278137,-0.027989311143755913
บ,0.07966998964548111,0.11595413833856583,0.2494143843650818,-0.0783749520778656,0.30913805961608887,0.45530179142951965,0.2598002254962921,-0.4329466223716736,-0.4029548168182373,-0.038464341312646866,-0.10458692908287048,-0.1669154018163681,0.32973712682724,-0.07498100399971008,0.1216147169470787,-0.13167673349380493,0.47991761565208435,-0.04999217018485069,-0.1802634447813034,-0.5788332223892212,-0.2707541882991791,0.569005012512207,-0.7418608665466309,-0.03736940771341324,-0.1528199315071106,-0.37628212571144104,-0.1627669334411621,0.02146827057003975,-0.0784410759806633,0.11653009057044983,0.06162352114915848,0.2473653256893158,-0.060959674417972565,-0.24798376858234406,0.1864529550075531,-0.18816055357456207,0.3624170124530792,0.19286446273326874,0.06469002366065979,0.2946557104587555,-0.03645474463701248,-0.04335761442780495,-0.40905964374542236,-0.005226988345384598,0.39530056715011597,-0.02749457396566868,-0.3645520508289337,-0.3240182101726532,0.20286747813224792,-0.2610057592391968,0.2519654631614685,-0.3919612467288971,-0.18682996928691864,0.5166065096855164,-0.3609570264816284,0.11946950107812881,0.18815399706363678,0.16774135828018188,-0.12021249532699585,-0.08067631721496582,-0.21719126403331757,0.13873963057994843,-0.15059854090213776,0.19241943955421448,-0.43671807646751404,-0.011370640248060226,0.2207835167646408,-0.12125959247350693
ฐ,0.005536242853850126,-0.035372644662857056,0.31409555673599243,-0.2162623107433319,0.2886075973510742,0.0044590774923563,0.3951709270477295,-0.11424665153026581,-0.48307004570961,-0.2166699469089508,-0.016158172860741615,0.04254032298922539,0.05060999467968941,0.19982270896434784,-0.3376639485359192,0.35037243366241455,0.25037065148353577,0.11120283603668213,0.05823896452784538,-0.4414788484573364,-0.02905561588704586,0.7375563979148865,0.024225037544965744,-0.2113681435585022,0.2046726793050766,0.22843696177005768,-0.20784395933151245,-0.532823383808136,0.2177414447069168,0.06500974297523499,-0.23819823563098907,-0.26894184947013855,-0.1729925274848938,0.09916295856237411,-0.6709263324737549,-0.3941446542739868,0.2713068425655365,0.06746286153793335,0.21387404203414917,0.45544689893722534,0.027646532282233238,-0.04293426126241684,-0.22754861414432526,0.3305194675922394,-0.4350161552429199,-0.10497978329658508,-0.37454646825790405,0.09903046488761902,0.11132679134607315,0.10909659415483475,0.24540121853351593,0.0760132446885109,0.3481815457344055,0.2411540150642395,0.21219615638256073,-0.20058824121952057,0.014041313901543617,-0.1802625060081482,0.3930888772010803,0.05983634665608406,0.2856917977333069,-0.33815866708755493,0.2264036387205124,0.27991753816604614,0.19150619208812714,-0.07180151343345642,-0.21778267621994019,0.3096085488796234
ถ,-0.3288699984550476,0.014745556749403477,0.3245183527469635,0.14708341658115387,-0.016237232834100723,-0.07506587356328964,0.07439428567886353,0.1877744197845459,0.09590289741754532,0.34151431918144226,-0.29528868198394775,0.21764826774597168,-0.1625862419605255,-0.06924121081829071,-0.5354481339454651,-0.17573495209217072,0.2243802696466446,-0.3856118619441986,0.025015942752361298,0.06528889387845993,0.058074891567230225,0.3025112450122833,0.12126389890909195,-0.732850193977356,-0.1454208940267563,0.32119011878967285,0.10152730345726013,0.29877936840057373,-0.04877358302474022,-0.5924023389816284,-0.19442974030971527,-0.1367242932319641,-0.34427642822265625,0.16588085889816284,-0.13012316823005676,0.02952408976852894,0.21367600560188293,0.019530870020389557,0.5107827186584473,-0.1789407581090927,-0.27713924646377563,-0.21422341465950012,0.11977032572031021,0.44021734595298767,-0.10868726670742035,-0.033561915159225464,0.13826023042201996,0.0008560050628148019,0.13221386075019836,-0.35271936655044556,-0.04879466071724892,-0.39992767572402954,0.09763062745332718,0.0028983373194932938,-0.5229450464248657,0.05479489266872406,-0.2014714628458023,-0.16432300209999084,0.03960651159286499,0.5024078488349915,-0.034687381237745285,0.43155768513679504,0.1418614685535431,-0.5964977145195007,-0.4425766170024872,-0.11661890894174576,-0.06563194841146469,-0.23347678780555725
ฑ,-0.2747710347175598,0.31877678632736206,0.5354419350624084,-0.334118515253067,-0.0952271893620491,0.1440424621105194,-0.047792546451091766,0.2162856161594391,-0.023430904373526573,0.34547024965286255,-0.37429800629615784,-0.6490694880485535,0.3161033093929291,0.2665139436721802,-0.19568569958209991,-0.31180980801582336,-0.24628612399101257,-0.2387029379606247,0.5229100584983826,0.16932040452957153,-0.08345353603363037,0.035683054476976395,-0.4501044452190399,0.23619407415390015,-0.03507884964346886,-0.44794589281082153,-0.002958660712465644,0.20639517903327942,0.2252560704946518,0.06853026896715164,0.5866245031356812,-0.25627806782722473,0.41638684272766113,0.22304530441761017,-0.14835603535175323,-0.07739617675542831,-0.34981539845466614,-0.24082714319229126,0.25716930627822876,-0.06355885416269302,0.10929153114557266,0.07040297985076904,0.02748369611799717,-0.023911472409963608,-0.19319729506969452,0.5230081677436829,-0.031156858429312706,0.4538436233997345,0.02240791730582714,-0.3910306692123413,-0.08747056871652603,-0.10310858488082886,0.004533560015261173,0.12413954734802246,-0.15732887387275696,-0.35676291584968567,-0.14446838200092316,-0.3085355758666992,0.22693584859371185,0.13269419968128204,0.2430029660463333,0.2111135572195053,0.24665750563144684,0.16536283493041992,-0.23171840608119965,-0.42627665400505066,-0.05348517373204231,-0.4216853082180023
ฒ,-0.5437278151512146,0.2916819155216217,-0.15550775825977325,-0.38563767075538635,0.08994992822408676,0.834400475025177,0.00396374287083745,0.027424048632383347,0.12000034749507904,-0.04330756515264511,0.10434182733297348,-0.24083787202835083,-0.1979338526725769,0.3995109796524048,0.04864583909511566,0.061548538506031036,-0.01912390999495983,-0.1486935317516327,0.1628074049949646,0.17965534329414368,-0.010553136467933655,0.3190234303474426,0.06298354268074036,0.45099231600761414,-0.0726076140999794,-0.00028105807723477483,0.6308678984642029,-0.4082091748714447,-0.41076838970184326,-0.16523976624011993,-0.12828953564167023,0.25721126794815063,-0.1354752629995346,0.010964911431074142,-0.14081452786922455,0.2661432921886444,-0.06182074174284935,0.1320614069700241,-0.6124925017356873,-0.329622745513916,0.1053716316819191,0.42637231945991516,-0.15054625272750854,-0.04792679473757744,-0.04042788967490196,0.07029948383569717,-0.2784959375858307,-0.1783209592103958,-0.39523231983184814,0.1449996680021286,-0.031153598800301552,0.21480631828308105,-0.13977780938148499,0.04890325292944908,0.29090648889541626,-0.3479233682155609,-0.4965231120586395,-0.059196945279836655,0.29778939485549927,0.19226385653018951,-0.029478248208761215,0.012376478873193264,-0.5270071029663086,-0.44045290350914,-0.2301766276359558,0.22514261305332184,0.08691631257534027,0.09443455934524536
ท,-0.15472501516342163,0.010076647624373436,-0.14928863942623138,0.5617331266403198,-0.2580556273460388,0.045505207031965256,-0.17945216596126556,-0.1582908034324646,0.356413334608078,0.5947271585464478,0.3964545428752899,-0.1862475872039795,-0.8373895883560181,0.12074902653694153,0.10461769253015518,-0.3053743243217468,0.27141323685646057,0.18840360641479492,0.3071378171443939,0.16269640624523163,0.16790160536766052,-0.01107014250010252,-0.28994736075401306,-0.01144014485180378,-0.24431733787059784,0.16880129277706146,0.018688829615712166,-0.0062026455998420715,0.3903259038925171,-0.013005504384636879,0.13615655899047852,0.02943674474954605,0.08791257441043854,0.5476928353309631,-0.18742863833904266,0.015688100829720497,-0.11006393283605576,0.47773638367652893,-0.39653733372688293,-0.22200709581375122,-0.09587752819061279,-0.08155561983585358,-0.09294053912162781,-0.15500397980213165,0.13670717179775238,-0.22869746387004852,0.42512568831443787,0.2332266867160797,0.03897317871451378,0.2497628927230835,-0.22890299558639526,0.5948665142059326,0.0029941198881715536,-0.10061290115118027,0.31079012155532837,0.33916839957237244,-0.2568584978580475,0.4682750701904297,-0.09618318825960159,-0.14568591117858887,-0.044123049825429916,-0.21869046986103058,-0.050140444189310074,0.20591503381729126,0.053908251225948334,-0.14780037105083466,-0.006011682096868753,0.25545161962509155
ธ,0.24092920124530792,-0.19020429253578186,0.37611767649650574,0.17215660214424133,-0.00437872065231204,0.009817750193178654,0.6261230707168579,-0.1516989767551422,0.22893893718719482,0.405368447303772,-0.34936922788619995,-0.5194809436798096,0.06846854835748672,0.055116619914770126,0.21300108730793,-0.27441394329071045,-0.15574733912944794,0.07762285321950912,-0.3706246316432953,-0.33268147706985474,0.21827241778373718,0.3954847753047943,0.10381820052862167,-0.23194459080696106,-0.24666373431682587,-0.3054347634315491,-0.19752439856529236,-0.08324375003576279,0.4404747784137726,-0.19522571563720703,0.2631355822086334,0.24836628139019012,0.13856643438339233,-0.5106914043426514,0.14572317898273468,-0.2807040512561798,0.22954896092414856,0.20698857307434082,0.2505751848220825,0.2889857590198517,-0.3697078824043274,0.26993075013160706,0.39211758971214294,0.12538638710975647,-0.08949097990989685,-0.2406885027885437,0.1577586829662323,-0.20802465081214905,0.5061097145080566,0.5208545327186584,-0.3092072606086731,0.36340585350990295,0.3360248804092407,-0.21220539510250092,0.19165785610675812,-0.297406405210495,0.29523971676826477,-0.01741148717701435,0.056672945618629456,0.1798902451992035,-0.2782503366470337,0.37727874517440796,0.09148915857076645,-0.29028043150901794,-0.043875716626644135,-0.26412010192871094,-0.17823000252246857,-0.0696413666009903
ฏ,-0.2695710361003876,0.10602923482656479,-0.2724389433860779,0.37390801310539246,0.17471829056739807,-0.4268423914909363,0.4898521304130554,-0.03706451505422592,-0.19083775579929352,-0.12987259030342102,0.10439576953649521,0.014027602039277554,-0.3194584250450134,0.1589280664920807,-0.19456757605075836,0.14524203538894653,-0.36194369196891785,0.015209831297397614,0.5198513865470886,-0.2632414698600769,0.029100175946950912,0.0859871581196785,-0.04390067607164383,-0.11492258310317993,0.1868116557598114,-0.0943998470902443,0.09220103919506073,0.27031245827674866,0.012688642367720604,0.8208584785461426,0.21520350873470306,-0.06440044939517975,-0.19418030977249146,-0.13467516005039215,0.03505377098917961,0.2582007944583893,-0.1209607794880867,-0.23075351119041443,-0.15617533028125763,-0.08062661439180374,-0.20886285603046417,0.3257562518119812,-0.09244181215763092,0.11607269197702408,-0.022281408309936523,-0.002046662848442793,-0.4580991864204407,-0.26462310552597046,-0.21590200066566467,-0.23693408071994781,0.32460474967956543,0.08792749047279358,-0.30618521571159363,-0.18959985673427582,0.24459369480609894,0.013437282294034958,0.022586047649383545,-0.31061452627182007,-0.14136716723442078,0.6253317594528198,-0.47679537534713745,0.16150590777397156,0.008628558367490768,0.3669559359550476,-0.6267032623291016,-0.07655839622020721,-0.009992306120693684,0.31993165612220764
ต,-0.12057653814554214,-0.1128510981798172,-0.10931366682052612,0.07265953719615936,0.09456939250230789,0.393537312746048,-0.22327308356761932,0.15900376439094543,-0.14029762148857117,0.08513061702251434,-0.27736034989356995,-0.011799903586506844,-0.08911409229040146,-0.19054801762104034,0.013610576279461384,0.35819321870803833,-0.6898181438446045,0.35969826579093933,-0.3868293762207031,-0.1926136016845703,-0.1668757051229477,0.2709207534790039,0.3091530501842499,0.07552815973758698,-0.0862332209944725,-0.1331120878458023,-0.6629768013954163,-0.3733450174331665,-0.163965106010437,0.019849274307489395,0.18618832528591156,0.33468469977378845,-0.21029353141784668,0.2208116203546524,-0.15678711235523224,0.3545330762863159,-0.03429015353322029,0.4110438823699951,0.02800896391272545,0.20281147956848145,-0.20371758937835693,-0.06482429057359695,0.01205512322485447,-0.5299340486526489,-0.10804683715105057,-0.12373059242963791,0.23888958990573883,0.34319159388542175,-0.11475081741809845,-0.09220237284898758,-0.015373926609754562,0.24413886666297913,0.25440990924835205,0.29677313566207886,0.05740389600396156,-0.08662938326597214,-0.22700832784175873,0.4793001413345337,0.6074827909469604,-0.5496603846549988,0.05456932634115219,0.3804740309715271,0.1846700757741928,-0.31452491879463196,-0.3543924391269684,0.12047003954648972,-0.23105093836784363,-0.16134776175022125
ฎ,0.2959708571434021,0.05881878733634949,0.47453099489212036,-0.168924942612648,-0.0645875334739685,-0.5329152345657349,-0.36196058988571167,-0.01957426220178604,0.07780521363019943,0.35734593868255615,-0.15376853942871094,0.1563718467950821,-0.10503996908664703,-0.041695982217788696,0.20017369091510773,0.38444021344184875,-0.2479160875082016,-0.027020059525966644,-0.09645691514015198,-0.01936466246843338,0.27320194244384766,0.4322400689125061,0.2454483062028885,0.02494097128510475,0.5986221432685852,0.3353094458580017,-0.3797507882118225,0.6503939032554626,0.16368502378463745,-0.2726184129714966,0.19723279774188995,0.02887483313679695,-0.03623494505882263,-0.30285587906837463,-0.002661854960024357,-0.18396735191345215,0.026272544637322426,0.177184596657753,-0.10516328364610672,-0.35264313220977783,-0.24064792692661285,-0.1524871289730072,-0.4243617355823517,-0.1270645260810852,0.48964565992355347,-0.3404475748538971,-0.3235738277435303,0.08091384917497635,-0.11826448887586594,0.15108616650104523,-0.07877273857593536,0.19444169104099274,0.18473410606384277,-0.13330446183681488,0.5185499787330627,0.23711919784545898,0.049323711544275284,-0.10385099053382874,-0.5306925177574158,0.1519353836774826,0.13974875211715698,-0.2671041786670685,0.08572358638048172,0.05708182975649834,0.29205939173698425,0.2612155079841614,0.15954779088497162,0.24369201064109802
ด,-0.016263168305158615,0.28023961186408997,0.14263708889484406,-0.05585567653179169,0.11728367209434509,0.26726141571998596,0.3095075190067291,0.11515651643276215,0.0265886802226305,0.47126826643943787,-0.22197501361370087,-0.04780849441885948,-0.5201587677001953,0.2235676646232605,-0.09107194095849991,0.02236011251807213,0.1972934603691101,0.1163942888379097,0.05286182090640068,0.24570341408252716,-0.12999626994132996,0.12484866380691528,0.21499894559383392,-0.20756113529205322,0.06287622451782227,0.05219010263681412,-0.21130236983299255,0.2886086106300354,0.04828241840004921,0.4594491720199585,0.338977575302124,-0.228144109249115,0.22397226095199585,0.678490936756134,-0.34458544850349426,0.14630335569381714,-0.45047372579574585,0.2710269093513489,0.08564287424087524,0.2869146168231964,0.14603795111179352,-0.2883939743041992,0.3050770163536072,-0.3951318860054016,0.11748063564300537,-0.5966320633888245,0.1097278818488121,0.06033467873930931,-0.2910357117652893,0.26528578996658325,0.09866366535425186,0.21719510853290558,-0.2500725984573364,0.14452996850013733,0.47064945101737976,0.2371044158935547,0.5493192672729492,0.12001732736825943,-0.43288499116897583,-0.09809421002864838,0.18349198997020721,-0.31321561336517334,-0.011502844281494617,-0.5166673064231873,0.3002835214138031,-0.21631991863250732,-0.16709206998348236,0.1965199112892151
ข,-0.15104952454566956,0.28135740756988525,0.2221897691488266,0.005582279525697231,0.5505310893058777,-0.521192193031311,0.3661177456378937,-0.19723640382289886,0.5399578809738159,-0.3279651701450348,0.11183425784111023,-0.017079027369618416,0.22982624173164368,-0.25560498237609863,-0.08466256409883499,-0.301287442445755,-0.552707850933075,-0.08467224985361099,-0.22919046878814697,-0.29466500878334045,0.4432159960269928,-0.024808362126350403,0.4158878028392792,-0.21347291767597198,-0.031187018379569054,0.27006205916404724,0.48261067271232605,0.2785720229148865,0.4261661469936371,0.02307765558362007,-0.28274840116500854,0.06868111342191696,-0.08878356218338013,-0.5273281335830688,-0.14215430617332458,-0.20700205862522125,0.33252713084220886,-0.4366885721683502,0.009796726517379284,-0.05603848770260811,0.052517011761665344,-0.17684490978717804,-0.2817012667655945,0.27880486845970154,0.6790803074836731,-0.28940561413764954,-0.19923396408557892,-0.08958619087934494,0.11436503380537033,0.13493388891220093,-0.08264241367578506,0.2516832649707794,-0.24257096648216248,-0.027702154591679573,-0.2718610465526581,0.12642012536525726,-0.04140210524201393,0.025297777727246284,-0.045793961733579636,0.12657462060451508,0.23147384822368622,0.19617651402950287,0.13794006407260895,0.22309482097625732,-0.3001768887042999,0.22959783673286438,0.12566716969013214,0.13112294673919678
ฃ,0.08389078825712204,-0.1373157650232315,-0.01655155047774315,-0.2810303270816803,0.1633005291223526,0.5668282508850098,-0.16519509255886078,-0.024411987513303757,-0.0774717777967453,0.30602678656578064,0.05430924519896507,0.2433224618434906,-0.44858020544052124,0.24933098256587982,-0.4176298975944519,0.13100621104240417,-0.18174193799495697,0.44274911284446716,-0.13956470787525177,0.15763622522354126,-0.7556033134460449,0.030483635142445564,0.19577038288116455,-0.1690463125705719,0.16706965863704681,0.06804047524929047,0.34032875299453735,-0.13730449974536896,0.2319698929786682,-0.15226180851459503,-0.17532601952552795,0.08765843510627747,-0.13129180669784546,0.035519685596227646,0.20475570857524872,-0.01119307056069374,-0.2934921979904175,0.310117244720459,0.04122897610068321,0.1698271483182907,-0.023759886622428894,-0.5050367116928101,-0.4306936264038086,0.11464525759220123,-0.02107647806406021,-0.3902919590473175,0.026710370555520058,-0.13411130011081696,0.12414788454771042,-0.47724825143814087,-0.05662333592772484,-0.4464056193828583,0.5436066389083862,0.252579927444458,-0.325273722410202,0.08636073768138885,0.19124314188957214,-0.19082516431808472,0.2584580183029175,-0.05519895628094673,0.07630690187215805,0.21077217161655426,-0.14269746840000153,-0.02300538681447506,-0.4885197579860687,-0.1027405709028244,0.43193361163139343,0.4685438573360443
ค,-0.38097167015075684,0.34404653310775757,0.14864787459373474,0.16831636428833008,0.4372861981391907,-0.3119634687900543,0.07225851714611053,-0.4100761413574219,0.4100247323513031,-0.2314983755350113,0.41441088914871216,0.035174012184143066,0.15626399219036102,-0.46710705757141113,-0.2490137666463852,-0.06339294463396072,-0.1982751190662384,0.0542803555727005,0.06034070625901222,0.3923788070678711,0.08461202681064606,-0.13711585104465485,0.07389508187770844,0.21481189131736755,0.07052713632583618,0.05790317803621292,0.3197617828845978,0.4798007309436798,-0.12489719688892365,-0.1992063820362091,0.08930949121713638,0.42635029554367065,0.3339870870113373,-0.2213970124721527,-0.19406814873218536,-0.07300900667905807,-0.22658094763755798,0.2248772233724594,-0.32351991534233093,-0.48214617371559143,0.008926947601139545,-0.2962999939918518,-0.2946852445602417,0.22283364832401276,-0.5549522638320923,0.13262736797332764,-0.09139420837163925,0.20217381417751312,0.331002801656723,0.3508906364440918,0.04602143540978432,-0.22225449979305267,-0.11455569416284561,-0.29285234212875366,-0.2614324986934662,0.16892606019973755,0.48778143525123596,0.4015952944755554,0.2867498993873596,-0.10474845767021179,-0.25474923849105835,-0.15683583915233612,0.3222007751464844,0.21883466839790344,-0.22035916149616241,-0.013837689533829689,0.2713697552680969,0.03367499262094498
ฅ,0.3780156373977661,-0.0829622745513916,-0.24714632332324982,-0.4812391400337219,0.07803037017583847,-0.31219562888145447,-0.276973694562912,0.18501247465610504,0.19777114689350128,0.035064712166786194,0.3089671730995178,0.2392217218875885,0.06715688854455948,-0.4267187714576721,0.4378086030483246,-0.22254878282546997,-0.1869327574968338,0.16517388820648193,0.11156981438398361,0.12727107107639313,-0.29621797800064087,-0.35909172892570496,-0.09553086757659912,-0.047954004257917404,-0.4512251913547516,-0.07902413606643677,0.4660605490207672,0.42102324962615967,0.09826100617647171,-0.17758062481880188,-0.02397339791059494,-0.23414157330989838,-0.027271920815110207,0.12914183735847473,-0.5615071654319763,-0.19979703426361084,-0.2572872042655945,-0.23142176866531372,-0.5521916151046753,-0.610564649105072,-0.38544711470603943,0.1678251475095749,-0.07099171727895737,-0.1786438375711441,0.20462489128112793,-0.2028583586215973,-0.28958967328071594,0.3260348439216614,0.3889956772327423,0.2621173560619354,-0.12357752025127411,-0.3420473039150238,0.30958953499794006,0.15135455131530762,-0.1638173907995224,0.45821577310562134,0.014269060455262661,-0.16148096323013306,-0.16644270718097687,0.1064019575715065,0.17785343527793884,-0.01842569001019001,-0.4997199475765228,0.11816423386335373,-0.0528348870575428,0.12549759447574615,-0.3555806279182434,-0.17785343527793884
ฆ,0.42618119716644287,-0.03154498338699341,0.0881943330168724,-0.2662520706653595,0.16485635936260223,0.43272486329078674,-0.024723855778574944,0.1039947047829628,-0.22648830711841583,-0.055107537657022476,0.15794453024864197,-0.6001198887825012,0.1749323308467865,0.5226411819458008,-0.5234335660934448,-0.3917064666748047,-0.30116161704063416,0.4388439953327179,0.2282848358154297,0.09628423303365707,-0.4477492570877075,-0.41868141293525696,0.11037907749414444,0.27610263228416443,0.37275537848472595,0.31944382190704346,0.5397602915763855,0.2955078184604645,-0.10426390916109085,0.09197090566158295,0.15507081151008606,0.040921587496995926,0.1405295580625534,0.30111396312713623,0.016306668519973755,-0.0008447038126178086,0.24116289615631104,-0.46281111240386963,-0.0090982960537076,0.1699618548154831,-0.1010555550456047,0.2295721471309662,-0.11948639899492264,-0.4402605891227722,-0.06114060431718826,0.01803017035126686,0.24073262512683868,0.03557758405804634,0.06585916131734848,-0.050200220197439194,-0.09998936206102371,-0.34125569462776184,0.0465473048388958,0.1283271759748459,0.44508954882621765,0.007891473360359669,-0.14488711953163147,0.09373893588781357,0.2303181290626526,0.13909511268138885,0.07572917640209198,-0.005800275132060051,0.3005400002002716,-0.055430393666028976,0.2109006643295288,-0.4993146061897278,0.21597424149513245,0.36400386691093445
ก,0.18471160531044006,0.13003936409950256,-0.23282046616077423,-0.1825595647096634,0.13217872381210327,-0.055733822286129,0.6933920383453369,-0.17755238711833954,-0.30785703659057617,-0.40527939796447754,0.12517616152763367,-0.017036791890859604,-0.39567890763282776,-0.09826645255088806,0.07096122950315475,0.10588613152503967,-0.6254980564117432,-0.022784870117902756,-0.14219847321510315,0.10772933810949326,-0.43127357959747314,0.1726362556219101,-0.34767672419548035,-0.1263386756181717,-0.23860494792461395,-0.08910074084997177,-0.027072183787822723,-0.0550197958946228,0.14876271784305573,-0.40923431515693665,0.41878020763397217,-0.4029688537120819,-0.018948687240481377,-0.19062845408916473,-0.23098891973495483,0.09828424453735352,-0.1848132312297821,0.06394228339195251,0.12160144001245499,0.36449530720710754,-0.5725931525230408,0.2582385540008545,-0.14610613882541656,-0.056927889585494995,0.08102785050868988,-0.1890396773815155,-0.04184504970908165,0.24928796291351318,0.18521587550640106,0.39501437544822693,-0.06549885123968124,-0.2495180070400238,-0.7405001521110535,0.11319973319768906,0.02469301037490368,-0.46273401379585266,0.004400343168526888,-0.04738304391503334,0.16606871783733368,-0.5514863729476929,-0.5097360014915466,0.03435283154249191,0.3358980417251587,0.25920161604881287,0.29269760847091675,0.007392464205622673,-0.09154824167490005,0.35693249106407166
อ,0.43616002798080444,0.5970118045806885,-0.2707406282424927,0.3142905533313751,-0.012950520031154156,0.22112245857715607,-0.14023715257644653,-0.021861102432012558,0.22695666551589966,0.31758004426956177,-0.4253309667110443,-0.3465009331703186,0.01814752258360386,-0.10479039698839188,0.33687034249305725,-0.4079463481903076,0.13047806918621063,0.4178474247455597,-0.28266641497612,0.21653373539447784,0.39148902893066406,-0.04053337499499321,0.07716948539018631,0.016004519537091255,-0.19137342274188995,0.5438207983970642,-0.10442619770765305,-0.2722803056240082,0.16623470187187195,0.35590288043022156,-0.3368959426879883,-0.41050395369529724,-0.007245080545544624,-0.16923238337039948,-0.40993747115135193,0.05365986377000809,0.32033658027648926,-0.4005720913410187,0.004321705549955368,0.09771130979061127,-0.243162140250206,0.31847265362739563,0.32504069805145264,-0.04100531339645386,-0.43968597054481506,-0.2594226598739624,-0.5041900873184204,-3.672504931273579e-07,-0.20967650413513184,-0.2838204801082611,0.657798707485199,-0.02057461626827717,-0.05106028541922569,0.43456780910491943,-0.050539206713438034,-0.2995946407318115,-0.06240711361169815,-0.08263754099607468,-0.33579400181770325,0.19678109884262085,0.23877601325511932,-0.022189278155565262,0.16327372193336487,0.0027946955524384975,0.5311543345451355,0.023771105334162712,-0.006964381318539381,-0.29753145575523376
ร,-0.18704411387443542,0.2787579596042633,0.1356705278158188,0.04003182426095009,-0.31422653794288635,-0.13698343932628632,0.25864583253860474,0.3132597804069519,-0.054744645953178406,-0.14179830253124237,-0.034947898238897324,0.17896577715873718,-0.3915918171405792,0.08682437986135483,0.07361076027154922,0.14421914517879486,0.07112964987754822,0.5916492938995361,0.18819724023342133,-0.3203818202018738,-0.15967825055122375,0.46862754225730896,-0.10130433738231659,0.15928982198238373,-0.24968545138835907,0.4426066279411316,0.35228481888771057,0.3402177393436432,0.36668503284454346,0.06258876621723175,-0.12702859938144684,0.11656932532787323,0.3010327219963074,-0.4412434995174408,0.03791426867246628,0.38669753074645996,0.10257985442876816,-0.3407565951347351,-0.09222736209630966,-0.027673767879605293,-0.2626047730445862,-0.04575435817241669,-0.038598377257585526,0.3207387924194336,-0.08760388195514679,0.7010788917541504,-0.27745258808135986,0.6328983306884766,0.23371125757694244,-0.10460641980171204,-0.2721954882144928,-0.017882267013192177,0.3832671344280243,0.40391314029693604,0.255656898021698,-0.22667725384235382,-0.023476455360651016,0.07676158845424652,0.09864386171102524,-0.24587629735469818,0.12912707030773163,-0.3395187556743622,-0.22643518447875977,0.4875507652759552,0.07253405451774597,-0.09932301938533783,0.021612636744976044,0.4674314558506012
ฤ,-0.24597176909446716,0.15736335515975952,-0.20255503058433533,-0.3436330556869507,-0.2521980106830597,0.04968433454632759,0.0869588702917099,0.3964974284172058,0.2589571177959442,0.10038673877716064,0.163857102394104,-0.48884013295173645,0.10317323356866837,0.2876872420310974,-0.17573562264442444,-0.1545860320329666,0.21958576142787933,-0.2887319326400757,-0.22092773020267487,-0.3114224374294281,0.26075479388237,-0.46165168285369873,-0.7070913314819336,-0.11490640789270401,-0.4409840404987335,0.27971771359443665,-0.01171506755053997,0.01257737074047327,0.20883923768997192,-0.16007663309574127,0.24018371105194092,0.10078399628400803,-0.18088947236537933,0.4484143853187561,0.0329444445669651,-0.039064787328243256,-0.041234102100133896,0.19775789976119995,-0.01205028872936964,-0.05885664001107216,-0.05839889496564865,0.09769636392593384,-0.3057825267314911,0.11213326454162598,-0.08436761051416397,0.19431547820568085,0.21413876116275787,-0.33929014205932617,0.18446998298168182,0.24384166300296783,0.02705088071525097,0.3184117376804352,-0.5357680916786194,-0.1996886134147644,-0.2830560505390167,0.1043962761759758,0.15642684698104858,-0.49464190006256104,0.34870612621307373,0.04708891734480858,-0.15324270725250244,-0.4584631025791168,0.11314485222101212,0.46408817172050476,0.10140317678451538,-0.5007889270782471,-0.4061964750289917,0.17727714776992798
ฉ,0.020221451297402382,0.01548114512115717,0.4819757044315338,0.2687932550907135,0.6227151155471802,0.10537939518690109,0.20665767788887024,-0.09155914932489395,0.3934345543384552,0.3390532433986664,-0.051013052463531494,0.4612036645412445,0.06165666878223419,0.1628681719303131,-0.13579563796520233,-0.10900437831878662,0.632899820804596,0.1626288741827011,0.2580573558807373,-0.1635502725839615,0.13895104825496674,0.020347528159618378,0.3186928629875183,0.13062454760074615,-0.18710419535636902,-0.25052693486213684,-0.04777500405907631,-0.07558076828718185,0.2691897749900818,0.16258518397808075,-0.006053536664694548,0.08755404502153397,-0.5929553508758545,-0.01723247766494751,-0.1607743352651596,0.028972838073968887,-0.15570193529129028,0.08484501391649246,-0.11604005843400955,0.4099729657173157,0.5558850765228271,0.2100050002336502,0.13617998361587524,0.3543778955936432,-0.3415117859840393,0.5118770599365234,0.11172059178352356,0.046340782195329666,-0.3132801651954651,0.10042738169431686,-0.4187474846839905,-0.13582025468349457,0.441267728805542,-0.21552614867687225,-0.17245490849018097,-0.20241639018058777,-0.04025569558143616,0.17947238683700562,-0.13657593727111816,-0.4034401774406433,0.04378226399421692,0.27630266547203064,-0.16507820785045624,-0.0811081975698471,-0.1046001985669136,0.15796001255512238,-0.24777892231941223,0.34243106842041016
ช,-0.030806470662355423,-0.2859039306640625,0.12435600161552429,-0.2784165143966675,-0.051083825528621674,0.011597941629588604,0.6739953756332397,-0.3685828447341919,-0.08232197165489197,0.37422600388526917,0.07647281140089035,-0.3002373278141022,-0.2368704080581665,-0.13380226492881775,0.5762593746185303,-0.10600603371858597,-0.4038309156894684,-0.024574030190706253,0.5066238045692444,0.11477161943912506,-0.44888827204704285,0.15955783426761627,-0.1344458907842636,0.33212244510650635,0.38738110661506653,-0.06196677312254906,0.25800999999046326,-0.11110203713178635,-0.19569607079029083,-0.2951386868953705,-0.29108527302742004,-0.2636784315109253,-0.09943760186433792,0.2629219889640808,-0.2745208144187927,-0.009358474984765053,-0.06158687546849251,0.01014525443315506,-0.5161105394363403,0.41825100779533386,0.3502296209335327,-0.2606324851512909,-0.1571749597787857,-0.04441904276609421,-0.04237180948257446,0.011151083745062351,0.11132939904928207,-0.2755281925201416,0.38399654626846313,-0.0399351492524147,-0.4418064057826996,0.08181837946176529,0.10894595831632614,0.09787560999393463,0.15298186242580414,0.11769507825374603,-0.4659704864025116,-0.27694016695022583,0.1747911274433136,-0.006975328084081411,0.0067414590157568455,-0.05795586481690407,0.15928539633750916,0.08367546647787094,-0.3197471797466278,0.3392607867717743,-0.2400364726781845,0.23322466015815735
ฌ,0.05242784321308136,-0.3782067894935608,-0.29750338196754456,-0.29030343890190125,-0.21887625753879547,0.4517183005809784,-0.03458532318472862,-0.10072460025548935,-0.16372597217559814,-0.2967836558818817,0.13957181572914124,-0.16282951831817627,-0.12852945923805237,-0.58794105052948,-0.22103764116764069,-0.10013071447610855,0.23698990046977997,-0.0489620640873909,-0.1818118393421173,-0.11304666101932526,-0.24904143810272217,0.2504865527153015,-0.001578965806402266,0.01626761443912983,-0.15399934351444244,0.11915756016969681,0.5756967067718506,-0.09320972114801407,0.20153313875198364,0.2796781361103058,-0.0429382286965847,0.46744924783706665,-0.3302255868911743,0.09248163551092148,0.4301989674568176,-0.4403686821460724,-0.21078361570835114,0.46350985765457153,0.6815300583839417,-0.21840201318264008,-0.3219170868396759,-0.20448380708694458,-0.06526095420122147,-0.28574174642562866,0.08803290873765945,-0.31117069721221924,-0.34986960887908936,0.09981489181518555,-0.15078933537006378,-0.12838783860206604,-0.22004607319831848,-0.011134080588817596,-0.1772356629371643,-0.14215780794620514,0.6344177722930908,-0.06393053382635117,0.11925052106380463,0.1163983941078186,0.5615056157112122,-0.4558250606060028,-0.13349801301956177,-0.29076895117759705,-0.037234220653772354,0.2516785264015198,0.2310141623020172,0.0301505196839571,-0.16002534329891205,0.14922648668289185
จ,-0.16106198728084564,0.7953938841819763,-0.27938586473464966,0.033499617129564285,0.28888821601867676,0.1270509660243988,-0.3707115650177002,0.005633961874991655,0.03575501963496208,0.1198447123169899,-0.38905587792396545,-0.023359883576631546,0.3136999309062958,0.08295434713363647,-0.01070652436465025,-0.3370697498321533,0.13411614298820496,-0.15279249846935272,0.27921491861343384,-0.23710335791110992,-0.5025622844696045,0.10513255000114441,-0.18258608877658844,0.05067051574587822,0.3258662521839142,-0.321982204914093,0.025489287450909615,0.01707736775279045,-0.11995641142129898,0.3202130198478699,-0.007724383845925331,0.32616275548934937,0.17832067608833313,0.5269981622695923,-0.07940280437469482,0.38074034452438354,0.4135328233242035,0.2050331085920334,0.601688802242279,0.014126239344477654,-0.12086807191371918,-0.2536107003688812,-0.18834468722343445,-0.1315883994102478,0.13617408275604248,-0.6739980578422546,0.30498260259628296,0.01117588859051466,-0.08450615406036377,0.44169044494628906,0.04773036018013954,0.10814084857702255,0.341926246881485,0.06617359817028046,0.2038404643535614,0.025273213163018227,0.23017887771129608,0.03008779138326645,-0.46763962507247925,-0.4164861738681793,-0.05907431244850159,0.1824484020471573,0.030237795785069466,0.15461021661758423,0.4824996292591095,0.02180822379887104,0.3172686696052551,-0.11244483292102814
ศ,-0.1313985139131546,0.2360387146472931,-0.007140519097447395,-0.3441864550113678,-0.25077083706855774,0.05059928819537163,0.4236811399459839,0.35752877593040466,-0.2203856110572815,-0.07977554947137833,0.003063896670937538,0.47285643219947815,0.059118159115314484,0.30106526613235474,-0.3018898069858551,0.16696670651435852,0.07179338485002518,-0.20408886671066284,-0.004126142710447311,-0.3399723172187805,0.03709133341908455,0.14412379264831543,0.01918717473745346,0.22160935401916504,0.1505674570798874,-0.43982475996017456,0.03179248422384262,0.29494330286979675,0.1295584738254547,0.24778258800506592,0.1241845116019249,-0.3328576385974884,0.0757175162434578,0.0024245702661573887,0.5207580327987671,-0.21348688006401062,0.2094975709915161,0.28269246220588684,-0.14367467164993286,0.14678101241588593,-0.3277752101421356,0.30886292457580566,0.30606311559677124,0.3152090311050415,-0.5192869901657104,0.13217326998710632,0.3323433995246887,0.20481045544147491,0.14151820540428162,0.12155378609895706,-0.04455547779798508,0.09124001115560532,0.030484406277537346,-0.345647931098938,-0.18864871561527252,0.40557563304901123,-0.2255801409482956,0.337554931640625,-0.272865891456604,0.08982528001070023,0.2712678611278534,-0.0561254657804966,-0.18666748702526093,0.10629904270172119,0.2364935576915741,0.30867525935173035,-0.7015971541404724,0.31440064311027527
ษ,0.15805821120738983,-0.3766261041164398,-0.061715155839920044,0.20092463493347168,0.14875899255275726,0.26049211621284485,0.2565518617630005,-0.23456501960754395,-0.4372210204601288,0.16183622181415558,-0.15912136435508728,-0.477823406457901,-0.18015514314174652,0.3493097424507141,0.15517807006835938,0.009937913157045841,-0.02736877277493477,0.30772989988327026,0.36309701204299927,0.07231584936380386,-0.638588011264801,0.12467671930789948,0.053848911076784134,-0.1837572306394577,-0.03402102366089821,-0.17144222557544708,-0.11356101930141449,-0.37110641598701477,0.12754318118095398,-0.3963308036327362,0.15723298490047455,-0.5347304940223694,-0.19596733152866364,0.10090002417564392,0.4250112771987915,-0.4530198872089386,0.38800451159477234,0.05952344089746475,-0.07435392588376999,0.22806575894355774,0.24002604186534882,-0.08598387241363525,-0.01463593915104866,-0.3112291395664215,0.32906797528266907,-0.2950853705406189,0.3155328631401062,0.2068316489458084,-0.17834843695163727,0.3373318612575531,-0.12217063456773758,0.18652378022670746,0.5892225503921509,0.03188987448811531,0.15349739789962769,-0.009337648749351501,-0.104042649269104,0.08130667358636856,-0.07892854511737823,-0.06024035066366196,0.23731689155101776,0.3582550585269928,0.18563206493854523,0.15480315685272217,-0.3698732256889343,-0.18090936541557312,-0.3623809814453125,0.282306045293808
ส,-0.30977752804756165,0.012687799520790577,0.2720984220504761,-0.2970992624759674,-0.12413687258958817,-0.4519292712211609,0.1386825293302536,0.1936684250831604,0.011032084003090858,0.3672807514667511,-0.5408728122711182,-0.1835038810968399,-0.2966814339160919,-0.04251128062605858,0.34572356939315796,-0.5178519487380981,0.0670982152223587,-0.430353581905365,-0.042687125504016876,0.28025639057159424,0.062147025018930435,-0.4325072169303894,0.2739444673061371,0.2828410863876343,-0.009714671410620213,-0.061993591487407684,0.024025388062000275,-0.0928109660744667,-0.4901856482028961,-0.4724310338497162,-0.19685885310173035,-0.05278356373310089,0.2390778809785843,-0.32480552792549133,-0.35420238971710205,0.22415314614772797,0.17955133318901062,-0.27549105882644653,-0.07103675603866577,0.28351980447769165,0.3415951132774353,0.11524209380149841,0.4704847037792206,-0.1302291750907898,0.0040706247091293335,-0.2503194808959961,-0.06631039083003998,-0.18219585716724396,-0.2880252003669739,-0.047020647674798965,-0.15285883843898773,0.129096120595932,-0.565606951713562,0.009051289409399033,-0.6158628463745117,-0.1944555640220642,-0.10805800557136536,0.061333462595939636,0.2666226923465729,0.023518569767475128,0.18649418652057648,0.03952641785144806,-0.11197184026241302,-0.07339183986186981,-0.18102280795574188,0.25136420130729675,-0.11868949979543686,-0.4643363654613495
ซ,-0.2372102290391922,-0.10628139972686768,0.12287314981222153,0.00010831883264472708,-0.7285460829734802,0.3535875082015991,0.03493249788880348,0.13473822176456451,-0.11163631081581116,0.017048994079232216,0.13771438598632812,-0.27004027366638184,0.20927868783473969,0.17497143149375916,-0.26632168889045715,0.05975550413131714,-0.18217676877975464,-0.49006274342536926,-0.03168753534555435,-0.30156177282333374,0.022961929440498352,0.19586533308029175,-0.20484931766986847,0.4140103757381439,-0.15242458879947662,0.5501943230628967,-0.10899393260478973,0.2575094997882843,0.21809878945350647,0.0311216302216053,-0.37678179144859314,0.21344977617263794,0.23137792944908142,-0.30713728070259094,0.05197276547551155,0.1935291886329651,-0.04452165588736534,0.25486642122268677,-0.2795529365539551,-0.1275157630443573,-0.08098104596138,0.544293224811554,0.4623015820980072,-0.16775284707546234,-0.15012192726135254,0.1347096711397171,-0.055793553590774536,0.0018282838864251971,-0.4346391260623932,0.12794719636440277,-0.35230517387390137,-0.43941327929496765,-0.044776517897844315,0.13154099881649017,-0.25844040513038635,0.10925259441137314,0.23689113557338715,-0.355629563331604,0.02724386565387249,0.20940396189689636,0.5089159607887268,-0.04734927415847778,-0.2857212424278259,0.26828715205192566,0.07474824041128159,-0.5572903156280518,-0.03726184740662575,-0.06415582448244095
ฝ,-0.08307555317878723,0.5418875813484192,-0.000809342076536268,0.04533274471759796,0.21889692544937134,-0.28854653239250183,0.1451609879732132,0.00778425857424736,0.21097902953624725,-0.3566797971725464,0.11625590920448303,0.10863292217254639,0.2525861859321594,0.16817516088485718,0.36280733346939087,-0.4139459431171417,0.1470830738544464,-0.04124681279063225,0.19362735748291016,-0.08097098767757416,-0.14053335785865784,-0.23589815199375153,-0.16361446678638458,-0.37158313393592834,-0.500456690788269,0.19885489344596863,-0.1768004447221756,0.47322508692741394,-0.18925198912620544,-0.09176813811063766,0.029062310233712196,-0.27762553095817566,0.7041024565696716,-0.4303341507911682,-0.27104756236076355,0.20846673846244812,0.3976048231124878,0.0981585830450058,0.5702470541000366,0.2509016990661621,0.2262774556875229,0.16708217561244965,-0.31307584047317505,0.16801021993160248,0.30909183621406555,0.1518683284521103,-0.022006075829267502,0.005841702222824097,0.05502022057771683,-0.09553151577711105,-0.3107369840145111,-0.3690173327922821,-0.17329132556915283,-0.1522044539451599,-0.4086758494377136,-0.17913196980953217,-0.1873912215232849,-0.20110799372196198,-0.127495676279068,0.1127893403172493,-0.1220024973154068,-0.01850351318717003,-0.10846312344074249,-0.2947867512702942,0.5586649179458618,0.015550091862678528,-0.1908387839794159,0.1616917848587036
ฟ,-0.02371239848434925,0.36672651767730713,-0.2376171052455902,0.0005435667699202895,-0.19685955345630646,-0.07617788016796112,0.07365496456623077,0.14931170642375946,0.05355384945869446,0.4241444170475006,0.41289857029914856,-0.08782773464918137,-0.08799850940704346,0.5730622410774231,0.10009284317493439,0.5809544920921326,-0.0397208109498024,0.011673208326101303,-0.32494160532951355,0.07853355258703232,0.07467236369848251,0.04214034974575043,-0.1279175728559494,-0.11702175438404083,-0.3428923189640045,0.27829936146736145,-0.18358932435512543,0.19642141461372375,-0.27610599994659424,-0.36359477043151855,0.2443806380033493,-0.12743782997131348,0.415536105632782,0.34571561217308044,0.0322539247572422,-0.2400953769683838,-0.5070985555648804,0.2532365024089813,0.04760100319981575,-0.45271340012550354,-0.312170147895813,-0.2428564429283142,0.00873888935893774,-0.22521637380123138,0.10072176158428192,0.1670527309179306,0.2412479817867279,-0.17198537290096283,0.3324544131755829,0.0177092757076025,-0.5629690885543823,-0.4610339105129242,0.4336450397968292,0.04359741136431694,-0.011889174580574036,0.500690221786499,0.19693003594875336,0.0674775168299675,-0.21079093217849731,0.027589499950408936,-0.07452774047851562,0.1591711938381195,-0.3678209185600281,-0.26833122968673706,0.46247437596321106,0.288266122341156,0.23752567172050476,0.01740201562643051
ห,-0.2437334656715393,0.07704770565032959,0.1812957525253296,-0.14268115162849426,-0.057577211409807205,-0.6460676193237305,-0.2101767212152481,0.13429373502731323,0.045468129217624664,-0.1363379806280136,-0.18440648913383484,-0.5522543787956238,0.1567104607820511,0.28009599447250366,0.10074293613433838,-0.11260318756103516,0.13168592751026154,-0.22722378373146057,0.46693044900894165,-0.01895141787827015,0.1485806256532669,0.15054553747177124,-0.02947966195642948,0.15717411041259766,-0.16364647448062897,0.09031329303979874,0.281607449054718,-0.3897736072540283,-0.33398526906967163,-0.0317482128739357,-0.5033737421035767,-0.10220187157392502,0.10936515033245087,0.02286379039287567,-0.16859261691570282,-0.5482763648033142,0.04330187290906906,0.10210635513067245,0.6455540060997009,0.15296918153762817,0.03991879150271416,0.05982006713747978,-0.21382813155651093,0.20672574639320374,0.11109308898448944,-0.11147923022508621,-0.5098778605461121,0.21658137440681458,-0.060402244329452515,-0.06502345949411392,-0.1340041607618332,0.22283518314361572,0.24983112514019012,-0.2774135172367096,-0.06831184029579163,-0.14009980857372284,0.2799789011478424,-0.31830522418022156,-0.41267216205596924,0.13706420361995697,0.3680817484855652,-0.001109731150791049,0.27226608991622925,0.25980088114738464,-0.5571039319038391,-0.2618144452571869,-0.3322219252586365,-0.35809755325317383
ฮ,0.13665123283863068,0.3793153166770935,0.21721979975700378,-0.057514339685440063,-0.3531288206577301,0.36154961585998535,0.0837891548871994,-0.47809016704559326,0.21032272279262543,0.29364675283432007,-0.34199798107147217,-0.12220057845115662,0.048650406301021576,0.02378852665424347,-0.035477034747600555,0.44213640689849854,-0.1730402708053589,0.12600697576999664,0.07590508460998535,-0.10052928328514099,-0.04208860173821449,0.1562667042016983,-0.30833473801612854,0.25904417037963867,-0.38409116864204407,0.2045873999595642,0.35007408261299133,-0.017904654145240784,-0.1396137923002243,0.4170725345611572,-0.36436375975608826,0.3288913071155548,-0.6117746233940125,0.10815070569515228,-0.21802598237991333,0.09128333628177643,0.312114417552948,0.4699519872665405,-0.3340660631656647,-0.10892888158559799,-0.22055992484092712,0.2076592594385147,-0.2633117437362671,0.18426524102687836,0.37685561180114746,-0.325839638710022,-0.11453218758106232,-0.16357679665088654,-0.10855790227651596,0.3124002516269684,-0.06632304936647415,0.11948305368423462,-0.10583361983299255,-0.21644790470600128,0.21654847264289856,-0.5491269826889038,0.3838663399219513,0.0012489649234339595,-0.32398128509521484,0.24688470363616943,0.053235333412885666,-0.23307232558727264,-0.0850633978843689,0.07530368119478226,-0.21097101271152496,0.1540004014968872,-0.41618338227272034,-0.26529189944267273
ญ,0.36000072956085205,-0.4982284903526306,0.07375497370958328,0.2513934075832367,-0.3750389516353607,0.22620046138763428,-0.4913523495197296,0.22300957143306732,-0.38874831795692444,0.1288188397884369,0.10294340550899506,-0.14706657826900482,-0.14917434751987457,-0.17274074256420135,-0.2508279085159302,-0.17003586888313293,-0.10372240841388702,-0.29420676827430725,-0.13634730875492096,0.5226575136184692,0.00030453086947090924,-0.08960650116205215,0.45041942596435547,0.06441003084182739,0.17780302464962006,0.4569830000400543,-0.2210806906223297,0.07612631469964981,0.2348056584596634,-0.3789460062980652,0.20111724734306335,-0.2218141108751297,-0.2989940345287323,-0.3261182904243469,0.04361773654818535,0.056477729231119156,-0.09133147448301315,0.4482623040676117,0.26185014843940735,-0.552823543548584,0.07773362100124359,-0.08586885035037994,-0.49466803669929504,0.004192066844552755,0.3673996925354004,0.12699852883815765,-0.08428829163312912,-0.16113890707492828,-0.033705975860357285,0.3355730175971985,-0.27622807025909424,0.23324725031852722,0.34547293186187744,0.36032235622406006,0.009227636270225048,-0.3897594213485718,0.4360494613647461,-0.14436215162277222,0.05965172126889229,0.2839677929878235,-0.04842347279191017,0.25296223163604736,-0.2863059341907501,0.31143927574157715,-0.20552031695842743,-0.06936244666576385,-0.1770428568124771,0.16342693567276
ย,-0.17173409461975098,0.05194079875946045,0.15789513289928436,-0.08508085459470749,-0.015494324266910553,-0.04668336734175682,0.26918667554855347,0.23935630917549133,-0.04106360673904419,-0.17774713039398193,-0.15827247500419617,0.05274498462677002,-0.4221527576446533,0.25885874032974243,-0.19733165204524994,-0.07238398492336273,0.45457640290260315,0.46153974533081055,0.6547863483428955,-0.1266099214553833,-0.027731437236070633,-0.35146331787109375,-0.31667521595954895,0.05837533250451088,-0.27879437804222107,0.10895834863185883,0.24952943623065948,0.2724511921405792,0.7246139645576477,-0.11477233469486237,0.2722276449203491,0.26002898812294006,0.2881357669830322,-0.222002312541008,0.1743689924478531,0.11660616844892502,-0.3277795910835266,-0.45991069078445435,-0.06645207107067108,-0.11150125414133072,0.08977089822292328,0.16784252226352692,0.10504262894392014,0.01102031022310257,-0.19258785247802734,-0.1190284937620163,0.23298443853855133,0.20751695334911346,-0.018639059737324715,0.25447770953178406,0.08730600029230118,0.2081317901611328,0.1566288322210312,-0.3656251132488251,0.11343846470117569,0.1702999472618103,0.3967204988002777,0.4217083752155304,-0.2583880126476288,0.23149508237838745,-0.6371536254882812,-0.07412657141685486,-0.045860353857278824,-0.5332403779029846,-0.20994524657726288,0.03119143471121788,-0.1939115673303604,0.056897666305303574
ว,-0.15734072029590607,0.12085095793008804,0.022764217108488083,0.08375178277492523,0.3601589500904083,0.4896245002746582,-0.1031263917684555,0.013180308043956757,-0.1959952712059021,0.6466240882873535,-0.10049115121364594,0.35424569249153137,0.2744291126728058,0.13666559755802155,-0.24773797392845154,0.08447128534317017,0.22842735052108765,0.14092494547367096,0.3936416506767273,0.18358400464057922,0.27604976296424866,-0.42875394225120544,-0.4231228232383728,0.20494632422924042,-0.0512428805232048,0.0011692134430631995,-0.08475182205438614,-0.19690901041030884,0.5553226470947266,0.23142781853675842,-0.010904419235885143,0.08933081477880478,0.6240298748016357,-0.03535192832350731,-0.12573891878128052,0.6743250489234924,0.5220699310302734,0.03914378955960274,-0.3174382150173187,-0.17062242329120636,-0.38766610622406006,0.012041712179780006,0.11610612273216248,0.3184083104133606,0.11717649549245834,-0.08526589721441269,0.3883119523525238,-0.08416109532117844,-0.19063730537891388,-0.04962547495961189,0.2927907109260559,-0.22347433865070343,-0.04231160506606102,-0.0710592046380043,0.05848486348986626,-0.24056488275527954,-0.29077231884002686,0.020688047632575035,0.15667863190174103,0.09318915009498596,0.013062053360044956,0.5715385675430298,0.02489248476922512,0.131866455078125,-0.5897932052612305,0.13596205413341522,-0.1562887281179428,-0.34140679240226746
ล,-0.42233023047447205,0.10684201866388321,-0.2851320505142212,-0.3420971632003784,-0.42797690629959106,-0.08765418827533722,0.23655791580677032,0.38060352206230164,-0.1454094648361206,0.22317135334014893,0.30717986822128296,0.02145599015057087,-0.5641047954559326,-0.3886740505695343,-0.21579991281032562,-0.2253570854663849,0.4521636962890625,0.058376967906951904,0.3542928397655487,0.05577820539474487,0.3031705915927887,-0.2843516767024994,-0.0876673236489296,0.1682157814502716,-0.17019672691822052,0.007775273639708757,-0.2768542468547821,0.2631949186325073,-0.07020465284585953,-0.20442047715187073,-0.20073652267456055,-0.2865765690803528,0.002196644898504019,0.2470806986093521,0.09495936334133148,0.1246955469250679,0.1377292424440384,-0.17608043551445007,-0.09723806381225586,0.28688883781433105,-0.00500779552385211,0.2976829409599304,0.13280457258224487,0.5739019513130188,-0.45116689801216125,0.18221163749694824,-0.32095956802368164,-0.07918178290128708,-0.1663559228181839,0.04859424754977226,0.10637834668159485,0.36172565817832947,-0.1433859020471573,-0.08838097006082535,-0.21222332119941711,0.24595673382282257,-0.03591156005859375,0.4133836627006531,-0.5537744760513306,-0.33828112483024597,0.04832196235656738,0.3713769018650055,0.13782402873039246,0.5779010057449341,-0.30087247490882874,-0.2844282388687134,-0.3426763713359833,0.18234477937221527
ฬ,0.2584630846977234,0.6633251309394836,-0.3507121801376343,0.019302578642964363,0.2458658367395401,-0.37826991081237793,-0.15762846171855927,-0.2021857500076294,0.01867661625146866,-0.13915862143039703,0.02234116941690445,0.2616159915924072,-0.23390468955039978,-0.49286192655563354,-0.35770973563194275,0.038775790482759476,-0.16934257745742798,-0.0783122181892395,-0.2130686491727829,0.06396538019180298,-0.406901478767395,-0.2529408931732178,0.3237556219100952,-0.3525591492652893,-0.32602477073669434,0.0856470838189125,-0.16506804525852203,0.5283473134040833,-0.030574383214116096,0.15548524260520935,0.2215956747531891,-0.30820783972740173,0.0849570780992508,0.16059459745883942,-0.04329924285411835,-0.3249385356903076,0.18585334718227386,0.000494829670060426,-0.20355170965194702,-0.03654283285140991,-0.10540078580379486,0.11467482894659042,0.3369854688644409,0.1509084403514862,0.22471077740192413,-0.3958047330379486,-0.11336402595043182,-0.28710490465164185,0.613925039768219,0.10460548102855682,0.23874981701374054,0.2110140323638916,0.22307652235031128,-0.1946100890636444,0.25188568234443665,0.11796947568655014,-0.33802172541618347,-0.5288349986076355,0.4026302695274353,-0.05003955587744713,0.2783898115158081,0.3253202736377716,-0.1139495000243187,0.21585051715373993,0.1978876143693924,0.3609117567539215,0.00018946980708278716,0.21749821305274963
ฦ,-0.23041553795337677,-0.4823489785194397,0.14178095757961273,0.36399194598197937,-0.08566050976514816,0.19334062933921814,0.09513390064239502,-0.03173447027802467,0.12588532269001007,0.19420544803142548,0.32439756393432617,0.29732954502105713,-0.20127922296524048,-0.33211979269981384,-0.4220731556415558,0.4433515667915344,-0.5355557203292847,0.26212263107299805,-0.07057381421327591,-0.39217445254325867,-0.3194933235645294,-0.08925526589155197,-0.42717236280441284,-0.002215127693489194,0.09610031545162201,-0.1233019083738327,0.14456868171691895,0.310529500246048,0.3119415044784546,0.39049607515335083,0.36798104643821716,0.1543823480606079,0.4369792640209198,-0.3509734570980072,-0.24803516268730164,-0.12717609107494354,0.2896084189414978,0.25048524141311646,0.0960746482014656,-0.242923304438591,-0.1318519562482834,0.053019020706415176,0.08677977323532104,-0.03101724572479725,-0.16753089427947998,-0.28064537048339844,-0.1593465805053711,-0.3438562750816345,-0.25227704644203186,0.3379615545272827,-0.19838263094425201,0.3056822419166565,-0.2503199577331543,0.05358053743839264,-0.06151721253991127,0.02298247441649437,0.5413738489151001,-0.30280011892318726,-0.08880911022424698,0.33078810572624207,-0.21325168013572693,0.22811466455459595,0.17745111882686615,-0.06570044904947281,-0.2022353559732437,0.3203415274620056,-0.3743928074836731,-0.6226117014884949
ิ,-0.36825108528137207,-0.10667954385280609,0.5902402400970459,-0.1371801644563675,0.39699608087539673,0.0924934670329094,-0.2323814183473587,-0.7709065079689026,-0.18625140190124512,-0.07621079683303833,0.15431539714336395,0.2668902277946472,0.038767699152231216,0.13446982204914093,0.43333807587623596,-0.21991240978240967,-0.6931953430175781,0.24860858917236328,0.1750475913286209,-0.30177101492881775,0.18535934388637543,0.0792536735534668,-0.22525763511657715,-0.0002615296107251197,0.26429784297943115,-0.3472394645214081,0.06470514833927155,-0.09019385278224945,-0.25135648250579834,0.13438810408115387,0.3062567114830017,-0.1520666480064392,0.02131119929254055,0.09698692709207535,0.1948184370994568,-0.42863884568214417,-0.007849848829209805,-0.2432166337966919,-0.003964075818657875,0.3600091338157654,-0.3286445736885071,-0.14729321002960205,-0.1239275187253952,0.28326714038848877,-0.015205683186650276,0.1808677315711975,0.3272577226161957,0.11603248119354248,0.06092008575797081,-0.35660478472709656,-0.03232970088720322,-0.004264849703758955,0.4487255811691284,-0.30001136660575867,-0.006687685381621122,0.35542359948158264,0.2516857087612152,0.1819852739572525,0.29981669783592224,0.13619527220726013,0.11688721179962158,-0.01408425997942686,0.11441489309072495,0.008052381686866283,0.3768569529056549,-0.3312376141548157,0.15135465562343597,0.10781723260879517
ี,0.14857789874076843,-0.2626382112503052,0.028824307024478912,-0.024294644594192505,-0.10837948322296143,-0.22679756581783295,-0.17649652063846588,0.03430387005209923,-0.08836421370506287,0.2929493188858032,-0.07676804810762405,-0.3046773374080658,-0.2569738030433655,0.1933249831199646,-0.47952771186828613,0.23072004318237305,0.2381540983915329,0.5691176056861877,-0.2596528232097626,-0.02520892024040222,-0.3244072496891022,-0.0713721439242363,-0.033763907849788666,0.22633318603038788,-0.2053004801273346,-0.21175535023212433,0.10263758897781372,0.09665606170892715,0.12106351554393768,-0.22173966467380524,0.020191380754113197,0.13075698912143707,-0.02273435704410076,-0.1268557459115982,0.16965650022029877,-0.15040276944637299,-0.03065652586519718,0.5410133600234985,-0.2609390318393707,0.06789764016866684,0.6002225875854492,-0.06734475493431091,0.23937727510929108,-0.06666462123394012,0.4615788757801056,-0.05826760083436966,-0.12134947627782822,0.22569185495376587,0.5483537316322327,-0.40234437584877014,-0.1083642840385437,-0.10246114432811737,-0.18454314768314362,0.2780035436153412,0.5408661961555481,0.30673739314079285,-0.7632094621658325,-0.002816328313201666,-0.041605863720178604,-0.4848279654979706,-0.15116971731185913,-0.21475137770175934,-0.3302568793296814,-0.24920666217803955,-0.13038261234760284,0.5300402641296387,0.022030342370271683,0.3957536518573761
ึ,0.29705122113227844,-0.11499063670635223,-0.24408216774463654,0.2660561800003052,-0.6165453195571899,-0.054001275449991226,-0.3664153814315796,-0.15492920577526093,0.42254576086997986,0.11805281043052673,0.07327668368816376,0.14651606976985931,-0.6943686604499817,0.02556111477315426,-0.32439690828323364,-0.005709068384021521,-0.14060638844966888,-0.27278369665145874,-0.3465006351470947,0.10419701039791107,0.20019012689590454,-0.5243366360664368,-0.3937242329120636,-0.07921979576349258,0.18233194947242737,-0.08156690001487732,-0.10352275520563126,0.1015973687171936,-0.3321760892868042,-0.043315451592206955,-0.3964695632457733,0.015907729044556618,-0.0011779526248574257,-0.17366456985473633,-0.08229058980941772,0.383171945810318,-0.021634753793478012,-0.32840749621391296,0.4941551983356476,-0.14850479364395142,0.059605922549963,-0.12164311856031418,0.07470163702964783,-0.0032628211192786694,-0.17712481319904327,-0.07717496156692505,0.2840877175331116,-0.00912435818463564,-0.22596275806427002,-0.4382356107234955,0.23258136212825775,0.5666199922561646,-0.3848476707935333,0.5490427613258362,-0.2640610337257385,0.027087116613984108,-0.13150714337825775,-0.4457639157772064,-0.14456859230995178,0.0500233955681324,0.3863278925418854,-0.2901882827281952,-0.012727083638310432,0.08120951801538467,-0.4743395447731018,0.23361198604106903,-0.03468950837850571,-0.35981088876724243
ื,-0.35495641827583313,-0.1952594369649887,0.30076226592063904,-0.6784684658050537,0.2564472258090973,-0.5188379287719727,0.1170298233628273,0.5490092039108276,0.03028600849211216,-0.37495172023773193,0.5113909840583801,-0.14576582610607147,-0.32095927000045776,0.2574523687362671,0.316941499710083,-0.16427960991859436,-0.07824923098087311,-0.06256426125764847,0.4328193664550781,-0.3973071575164795,0.440457820892334,0.21400311589241028,0.02204343117773533,0.4156995713710785,0.07783475518226624,0.13561499118804932,-0.10553686320781708,0.048905596137046814,0.21454159915447235,-0.3045419156551361,-0.27039191126823425,0.12636183202266693,0.19603291153907776,0.011208385229110718,-0.4407890737056732,0.4441222846508026,-0.02988348715007305,0.6284362077713013,0.19746489822864532,-0.2494989037513733,0.5670076608657837,-0.0008048616582527757,-0.17585407197475433,-0.008941651321947575,0.0036155388224869967,0.352316677570343,0.3623073101043701,-0.06141883134841919,-0.14597824215888977,-0.04074302315711975,0.2250595986843109,-0.2536313533782959,0.5684941411018372,0.003460572101175785,0.15550653636455536,0.41923612356185913,0.08924781531095505,0.10273570567369461,0.05012812837958336,0.18219010531902313,0.4022737145423889,0.29973074793815613,-0.2343626767396927,0.3307909369468689,0.13417479395866394,0.3004070818424225,0.24398173391819,-0.04662349820137024
ๅ,0.31414487957954407,0.13784870505332947,-0.1150062084197998,0.3025865852832794,-0.1647006720304489,-0.22353193163871765,-0.028012970462441444,0.1714450716972351,0.01430042739957571,-0.10462814569473267,0.17238162457942963,-0.027956083416938782,0.17266377806663513,-0.2744186520576477,0.11748796701431274,0.2363549768924713,0.3115711808204651,-0.3642862141132355,0.3481217622756958,0.3640487492084503,-0.13055665791034698,0.15494541823863983,-0.12015434354543686,-0.09449166059494019,0.05430850759148598,-0.4374902844429016,0.14609622955322266,-0.43128880858421326,0.02476508729159832,0.09708922356367111,-0.05550787225365639,0.13789479434490204,-0.31804221868515015,-0.2547560930252075,0.22900713980197906,-0.12692297995090485,-0.44772201776504517,0.737841010093689,0.5178322792053223,0.2021096646785736,0.2596242427825928,0.16900843381881714,0.11440124362707138,-0.32336363196372986,0.10614486038684845,0.18820515275001526,0.5225821137428284,0.12325914204120636,-0.3472095727920532,-0.19263772666454315,0.035641442984342575,-0.6298679709434509,0.03610415756702423,-0.24804961681365967,0.08600673824548721,0.04523031786084175,0.5367534160614014,-0.1289975345134735,0.7323790788650513,-0.1093112900853157,-0.03246704861521721,-0.4506382346153259,-0.28075140714645386,-0.04945289343595505,0.1508394181728363,0.45706114172935486,0.014632181264460087,0.23573166131973267
ุ,-0.22157813608646393,0.2817407250404358,-0.3902634084224701,-0.6082856059074402,0.3066745102405548,-0.06744708865880966,-0.09703869372606277,0.13701912760734558,-0.31704697012901306,-0.04328063502907753,-0.1653636395931244,0.468234121799469,-0.5339318513870239,-0.4218713939189911,0.2851896584033966,0.325857549905777,0.4596981704235077,0.23445658385753632,-0.2316649854183197,-0.169527068734169,-0.31128451228141785,0.11178310960531235,0.4871576130390167,0.05100268870592117,-0.18901723623275757,0.02093593403697014,0.09756164252758026,-0.48095938563346863,-0.3990767300128937,-0.3674868941307068,0.037137072533369064,0.35689041018486023,-0.0192650705575943,-0.07018683850765228,-0.14779439568519592,-0.29352864623069763,0.2774367332458496,0.5421528816223145,0.09115739166736603,-0.0737769603729248,0.28700515627861023,0.1004025861620903,0.0035115648061037064,-0.17621614038944244,0.1087733805179596,0.6240147352218628,-0.048379603773355484,0.12063805013895035,0.19627290964126587,-0.3500426709651947,0.4799755811691284,0.42262622714042664,0.45378735661506653,0.21618101000785828,0.057876210659742355,-0.003717496059834957,-0.2123681604862213,-0.42821216583251953,-0.14719626307487488,-0.16741377115249634,0.29982122778892517,-0.12165354192256927,-0.11011037975549698,-0.4033955931663513,0.15125319361686707,-0.14907079935073853,0.09111539274454117,0.28689196705818176
ู,-0.11943482607603073,-0.10369884222745895,-0.5243125557899475,0.3252273201942444,0.6485480070114136,0.12884996831417084,-0.04022153466939926,0.14175726473331451,0.08717072010040283,-0.023295709863305092,0.14286690950393677,0.17611850798130035,-0.15009430050849915,-0.5030030012130737,0.032502107322216034,-0.3339744806289673,-0.5005850791931152,-0.1739976555109024,0.10409209877252579,0.23422333598136902,0.048455484211444855,0.3959321975708008,-0.10007044672966003,0.18641360104084015,0.16431452333927155,0.06969447433948517,0.07038062810897827,0.5017605423927307,-0.19032368063926697,-0.23539437353610992,-0.11610143631696701,-0.021826261654496193,-0.0771862119436264,-0.12742474675178528,-0.058818526566028595,0.1810349076986313,-0.360258013010025,-0.25115975737571716,0.18672822415828705,0.036417439579963684,-0.026279069483280182,0.03199359029531479,0.3222677707672119,-0.4367006719112396,-0.05010667443275452,0.5363526940345764,-0.6767725348472595,-0.1399431675672531,0.3803000748157501,-0.5457699298858643,-0.34240248799324036,-0.4257381558418274,-0.04015407711267471,-0.059803981333971024,0.11147934943437576,-0.28118112683296204,0.13613897562026978,0.031078625470399857,0.02461133897304535,0.15631134808063507,-0.10587934404611588,0.6226682066917419,0.5931469798088074,-0.17819127440452576,-0.14318542182445526,-0.24721471965312958,-0.30264443159103394,0.6603835821151733
เ,0.06041983887553215,0.3715633749961853,-0.3316689133644104,-0.21773043274879456,0.07721651345491409,0.2782769501209259,0.39609962701797485,-0.3679008483886719,0.06567326933145523,-0.5321146249771118,-0.36528119444847107,-0.3323037624359131,0.1973271518945694,0.001998700900003314,0.19050821661949158,-0.26338067650794983,-0.34397172927856445,-0.12673915922641754,-0.22398139536380768,-0.06007096543908119,0.4625823199748993,0.12761181592941284,-0.1376563161611557,0.06372851133346558,-0.28757399320602417,0.26495039463043213,-0.11829402297735214,0.15775646269321442,0.3295206129550934,-0.1687023639678955,-0.19454173743724823,-0.43007391691207886,-0.3630025386810303,0.4051591455936432,0.011189550161361694,-0.22462081909179688,0.1728631556034088,0.20308923721313477,-0.1853574961423874,0.6188470721244812,0.2443891316652298,-0.060021981596946716,-0.4400039613246918,-0.05612628161907196,-0.31381767988204956,-0.32136985659599304,0.02126450464129448,0.37381160259246826,-0.10272307693958282,-0.2228807657957077,0.18319210410118103,0.5193853974342346,-0.21255084872245789,0.21556910872459412,0.20910264551639557,0.34272071719169617,0.10651411861181259,-0.10576850920915604,-0.25321072340011597,0.002097358228638768,-0.04678613692522049,-0.19520853459835052,-0.35568535327911377,-0.34874555468559265,0.3135370910167694,-0.28651943802833557,-0.2812616229057312,0.37767907977104187
โ,0.07548074424266815,-0.053057607263326645,-0.04988434165716171,-0.08828400820493698,-0.012861085124313831,0.16987060010433197,0.0026162508875131607,-0.5604937076568604,-0.2897586226463318,-0.3336183428764343,-0.417717307806015,-0.14776715636253357,-0.37684905529022217,0.29597410559654236,0.2515827417373657,-0.41086649894714355,-0.2726132273674011,-0.021950457245111465,0.36522552371025085,0.5921446084976196,0.4834913909435272,-0.07603173702955246,0.30287984013557434,-0.08383076637983322,-0.13145014643669128,0.4777897000312805,-0.20368415117263794,-0.306740939617157,-0.05000876635313034,-0.2986016869544983,-0.11245428025722504,-0.23941877484321594,0.06591968238353729,0.11683820188045502,-0.4552912712097168,0.20777907967567444,-0.6600975394248962,-0.24275147914886475,0.41367027163505554,-0.2194780707359314,0.052758459001779556,-0.16033747792243958,0.36041060090065,0.023791776970028877,0.011280708014965057,0.21694521605968475,0.26345139741897583,-0.20893755555152893,-0.24207431077957153,-0.3750884234905243,-0.723278820514679,0.20538988709449768,-0.10797908157110214,0.08642467856407166,-0.03298899903893471,0.22771228849887848,0.03593851253390312,0.10639755427837372,0.10083853453397751,-0.34891507029533386,0.5748332738876343,0.32993218302726746,-0.13077916204929352,-0.18688906729221344,-0.11120981723070145,-0.19755791127681732,0.0774570032954216,0.3805563747882843
แ,0.040303219109773636,-0.5177425146102905,-0.0869445875287056,0.12302649021148682,0.12238635867834091,-0.24724142253398895,0.22412428259849548,-0.2565048038959503,-0.030432818457484245,0.6207858920097351,-0.0941781997680664,0.2121366411447525,-0.46480807662010193,-0.02998434565961361,0.036342404782772064,0.6990705728530884,-0.6350623965263367,0.024053439497947693,-0.19652970135211945,0.2651383578777313,0.35516414046287537,0.11013385653495789,-0.32376837730407715,0.28093454241752625,-0.5581400394439697,0.3158174157142639,-0.04006611555814743,0.37138861417770386,0.1448826938867569,-0.20435108244419098,-0.02107240818440914,-0.28530365228652954,0.37649768590927124,-0.16265389323234558,-0.28608569502830505,-0.223947212100029,0.3443259000778198,0.26544278860092163,-0.17699453234672546,-0.043381523340940475,-0.001454127486795187,0.43715956807136536,0.29890206456184387,-0.2809712886810303,-0.17200420796871185,-0.15016436576843262,0.005846651736646891,0.12082714587450027,-0.09293489158153534,0.38972124457359314,-0.30249282717704773,-0.18798302114009857,-0.025255655869841576,0.1446012258529663,-0.26631617546081543,0.40355217456817627,-0.2411489337682724,0.33593377470970154,-0.4621467888355255,0.10364606231451035,0.05377354472875595,0.09020928293466568,0.007773380260914564,0.06562334299087524,-0.41136854887008667,0.09276283532381058,0.23327304422855377,-0.41346991062164307
ะ,-0.06716035306453705,-0.007394212763756514,0.36735209822654724,-0.44760799407958984,0.0730760395526886,0.26047199964523315,-0.17087045311927795,0.4747913181781769,-0.19331400096416473,0.12734706699848175,-0.5136690735816956,-0.34144189953804016,0.26071637868881226,0.3348437547683716,-0.06321228295564651,-0.1807509809732437,0.24454979598522186,0.2664317786693573,0.2075856328010559,-0.35831189155578613,-0.11047321557998657,-0.5760521292686462,-0.017765164375305176,-0.00307505507953465,0.14993926882743835,0.6441174745559692,-0.21293632686138153,0.21361182630062103,-0.16514889895915985,-0.6037043333053589,-0.28294482827186584,0.21731962263584137,0.07138831913471222,-0.16252128779888153,0.2504124939441681,-0.20000439882278442,0.48623040318489075,0.23727348446846008,-0.07480524480342865,-0.2171662300825119,-0.2323845475912094,-0.20274537801742554,-0.09868554770946503,-0.3364487886428833,0.3886059820652008,0.4196884036064148,-0.36606407165527344,0.31239160895347595,0.2818426489830017,0.20324158668518066,0.16579605638980865,0.4635172486305237,0.25959184765815735,-0.12188112735748291,-0.3359183371067047,0.0689881443977356,-0.21275795996189117,0.08821211010217667,0.25753265619277954,0.02806464023888111,-0.0740009993314743,-0.05254041776061058,-0.40430667996406555,0.14039084315299988,-0.009136341512203217,0.08282183855772018,-0.02018687315285206,-0.5424593091011047
ั,0.2647685408592224,-0.09541758894920349,0.6503146290779114,-0.004308917094022036,0.25754693150520325,0.11461392045021057,-0.33690088987350464,0.19695404171943665,-0.13582536578178406,0.07513304799795151,0.06479230523109436,-0.3918733298778534,-0.28276678919792175,-0.5594043731689453,-0.2813744843006134,-0.039555177092552185,-0.18535147607326508,0.20526406168937683,-0.21919706463813782,-0.08525817841291428,-0.45610639452934265,0.13965602219104767,0.29418519139289856,0.09646464884281158,0.2748177945613861,-0.07314743101596832,-0.08868802338838577,0.37417393922805786,-0.20392300188541412,-0.07620641589164734,0.028476467356085777,-0.05203317850828171,-0.0360938161611557,-0.1275639832019806,0.03858382999897003,-0.06160060688853264,0.0887339636683464,0.21959170699119568,0.19158563017845154,-0.07302713394165039,0.2743960916996002,-0.6674320101737976,0.28822118043899536,0.6061296463012695,-0.10164441913366318,-0.09503462165594101,-0.04606528580188751,0.27979615330696106,-0.31229668855667114,0.0009691313025541604,-0.2455228865146637,-0.2854924201965332,0.3432948887348175,-0.3253127336502075,-0.14769209921360016,0.5026968717575073,0.2289169728755951,-0.1577548384666443,0.42281442880630493,0.4740258455276489,-0.12565943598747253,-0.2108985185623169,-0.00511678634211421,0.03510446101427078,-0.3969147503376007,0.793907642364502,0.28056129813194275,0.18898087739944458
า,0.20309963822364807,0.275659441947937,-0.21354229748249054,0.15090923011302948,0.18299199640750885,0.29182952642440796,0.28352710604667664,0.039351578801870346,-0.09893197566270828,-0.05354774370789528,0.032817959785461426,0.6118639707565308,-0.10738587379455566,0.23046746850013733,-0.16788853704929352,-0.3624100089073181,0.18070782721042633,0.07098536938428879,-0.11951378732919693,0.24445492029190063,0.11278095841407776,-0.015303697437047958,0.6699658036231995,0.43732959032058716,0.2775554656982422,0.030206313356757164,0.2611162066459656,-0.11802537739276886,0.46846577525138855,0.2672978639602661,0.24782675504684448,-0.17042364180088043,-0.07400233298540115,0.3343977630138397,0.3666580021381378,0.15070362389087677,0.5541690587997437,0.18720495700836182,0.28983956575393677,-0.30640649795532227,0.20876379311084747,-0.35034117102622986,-0.17529483139514923,-0.1685849130153656,0.5626839399337769,-0.08220311254262924,-0.2763708233833313,0.20530134439468384,0.1252262443304062,-0.7631409168243408,0.5821028351783752,-0.2750113606452942,0.1964254081249237,-0.3267267048358917,0.04843811318278313,0.1789548099040985,-0.07985401898622513,0.22685575485229492,0.2659429609775543,0.03494540974497795,-6.929987284820527e-05,-0.24696622788906097,-0.2891733646392822,-0.08179035037755966,0.40822190046310425,0.31756165623664856,0.13406217098236084,-0.280130535364151
ำ,0.0010845138458535075,-0.5063888430595398,0.40631166100502014,0.21666142344474792,-0.9132066369056702,-0.09709499776363373,-0.3606489896774292,-0.5363994240760803,-0.14846771955490112,-0.06096184253692627,-0.04807128757238388,0.22168798744678497,-0.18326151371002197,0.10343030095100403,0.47474926710128784,0.2983779013156891,-0.2357875555753708,0.007735812105238438,0.16878224909305573,0.0660771057009697,0.5285157561302185,0.4446054995059967,-0.20179855823516846,-0.336650013923645,-0.4291793406009674,0.09267985820770264,-0.3012905716896057,-0.13533473014831543,-0.06499713659286499,-0.18945394456386566,-0.08667336404323578,0.3403675854206085,-0.24825705587863922,0.03422694280743599,-0.32766643166542053,0.015859263017773628,-0.06952515989542007,0.08416485041379929,0.06154052913188934,0.41965827345848083,-0.13510853052139282,0.47183990478515625,-0.3173643946647644,0.12951520085334778,-0.1820700317621231,0.17269690334796906,-0.25570791959762573,0.07589998841285706,0.0030380666721612215,0.06867226958274841,-0.1684122085571289,-0.30023419857025146,0.2852238118648529,-0.22552652657032013,-0.24764886498451233,0.03509775176644325,-0.3072294294834137,-0.36565354466438293,-0.013431829400360584,-0.026235228404402733,0.08856114000082016,0.39712202548980713,0.4208216965198517,0.21458281576633453,-0.061155714094638824,0.21452395617961884,0.029951216652989388,-0.16706067323684692
ใ,-0.16662204265594482,-0.21223047375679016,-0.41671544313430786,0.016236821189522743,0.036455195397138596,-0.022189797833561897,0.035331856459379196,0.031386151909828186,0.19955311715602875,-0.21633794903755188,0.1595647633075714,-0.3106348216533661,-0.03571173548698425,-0.46693310141563416,-0.006141774356365204,-0.2531663179397583,0.4495437741279602,0.05922887101769447,-0.5170896649360657,0.2212517410516739,0.6680684685707092,-0.4184325337409973,-0.2683039903640747,0.17401781678199768,0.040701646357774734,-0.08999770134687424,0.3015075623989105,0.04004599153995514,-0.3639977276325226,0.07454808056354523,-0.10871129482984543,0.14355182647705078,0.21464891731739044,-0.4564274847507477,0.010572345927357674,0.1466437131166458,0.3376527726650238,-0.07915514707565308,0.16972903907299042,0.2883804738521576,0.046157654374837875,0.3063138425350189,-0.16155946254730225,-0.030064323917031288,-0.4981546998023987,0.17890244722366333,-0.2570418119430542,-0.07428519427776337,0.2258906066417694,-0.14593032002449036,-0.008129922673106194,0.001377030392177403,0.16928187012672424,-0.3217524588108063,0.5913081169128418,0.5184109807014465,-0.030588317662477493,0.34633004665374756,0.181585431098938,-0.14807447791099548,0.4669840335845947,0.07398606836795807,0.08903493732213974,0.09258666634559631,0.15292830765247345,0.11035221070051193,0.45461347699165344,-0.10718804597854614
ไ,-0.13536158204078674,-0.3087882697582245,-0.38978078961372375,-0.1979476511478424,0.19893161952495575,0.04351210594177246,0.31900709867477417,0.30465054512023926,0.11848139017820358,-0.12629996240139008,-0.17085888981819153,0.10069523006677628,-0.23327453434467316,-0.19174228608608246,0.008496738038957119,0.44329047203063965,0.3114883601665497,0.32910826802253723,0.49214065074920654,0.30404019355773926,0.006024184171110392,0.12698960304260254,0.14699412882328033,-0.11671952903270721,-0.04120143502950668,-0.25899654626846313,-0.48283588886260986,-0.23357827961444855,0.25976160168647766,0.5384876132011414,0.33699318766593933,-0.022388556972146034,-0.05067251995205879,0.10019046068191528,-0.29876208305358887,-0.02172180637717247,-0.1781931221485138,0.17237335443496704,-0.5961802005767822,0.12021241337060928,-0.29053056240081787,-0.1819954365491867,0.3168947994709015,-0.21902741491794586,-0.5121058225631714,-0.5968092679977417,0.1406543105840683,-0.3679261803627014,-0.16557644307613373,0.4740009009838104,-0.2019578367471695,0.2771660089492798,0.2674928903579712,0.17585879564285278,0.22278302907943726,-0.016654206439852715,-0.26266971230506897,0.07512860745191574,0.31500089168548584,0.4131227433681488,0.18602386116981506,-0.09855247288942337,-0.43670713901519775,-0.10784226655960083,-0.295847624540329,0.028869127854704857,0.2907879948616028,0.22252468764781952
็,-0.6976849436759949,0.07791317999362946,-0.06422634422779083,-0.4026944041252136,0.22381462156772614,0.2041693478822708,-0.29583311080932617,-0.17857615649700165,-0.3498232066631317,-0.02522585354745388,0.1818878948688507,-0.2601163983345032,-0.06684570014476776,-0.11128455400466919,0.20084044337272644,0.5352152585983276,0.29253047704696655,0.21520887315273285,0.5250725150108337,-0.053997814655303955,-0.2722223103046417,-0.2328503131866455,0.20132118463516235,0.14458757638931274,0.1382708102464676,0.35102322697639465,0.7553393244743347,0.44369155168533325,-0.11562338471412659,-0.187379390001297,-0.4136619567871094,0.5350873470306396,-0.6366663575172424,0.24072401225566864,0.21942377090454102,0.1513219177722931,0.18347778916358948,0.35487428307533264,0.3139247000217438,0.07755843549966812,-0.16952775418758392,0.21913383901119232,-0.18467432260513306,-8.698536839801818e-05,-0.004355398006737232,-0.2775760591030121,-0.12565159797668457,-0.2618796229362488,0.3226446509361267,-0.1993483155965805,-0.13762174546718597,-0.5585407018661499,0.06222867965698242,-0.23789015412330627,-0.05102957785129547,-0.3407459557056427,0.16200588643550873,-0.35606807470321655,0.055364180356264114,0.03166644647717476,-0.3431345820426941,-0.11589407175779343,-0.29564112424850464,-0.055697884410619736,-0.46967148780822754,0.13367046415805817,0.22689297795295715,-0.4620806872844696
่,0.08183851838111877,-0.40038642287254333,0.4512959122657776,0.1587214469909668,-0.04323357343673706,-0.08398556709289551,0.44712740182876587,0.6238252520561218,-0.19341179728507996,0.40973326563835144,0.08501862734556198,-0.2644023001194,-0.449775367975235,-0.2149157077074051,0.052011888474226,-0.13946092128753662,0.05544934421777725,0.34858182072639465,0.1277698427438736,-0.10317881405353546,0.6773421168327332,-0.07755562663078308,0.4940773546695709,-0.013445285148918629,-0.15496282279491425,0.27538296580314636,-0.15043996274471283,-0.257020503282547,-0.1542089879512787,0.08892293274402618,-0.461104154586792,-0.10329508781433105,0.08954060822725296,0.008286586031317711,0.4157661497592926,-0.05584736540913582,-0.3013312816619873,-0.2459527850151062,0.04214327409863472,-0.1844736933708191,0.4307138919830322,-0.5400801301002502,-0.12477365136146545,-0.2321491837501526,0.13679374754428864,-0.2747717797756195,0.3044786751270294,0.08395663648843765,0.003421817673370242,-0.1491617113351822,0.2984517216682434,0.538759171962738,0.2822593152523041,-0.6666126847267151,-0.30395370721817017,0.2084849774837494,-0.1217937096953392,0.24820753931999207,-0.22058072686195374,0.13138535618782043,0.1073894277215004,0.06370966881513596,0.041689682751894,-0.08547744154930115,-0.2653326094150543,-0.590020477771759,-0.3923565149307251,-0.1011960506439209
้,-0.14639626443386078,-0.12861008942127228,0.34605273604393005,0.49709632992744446,-0.0954650416970253,0.24126499891281128,0.034250304102897644,-0.25875744223594666,-0.060676898807287216,-0.4502559006214142,0.16518260538578033,0.5644365549087524,0.12679962813854218,-0.2536155879497528,-0.46535566449165344,0.16877302527427673,-0.12243035435676575,0.47260913252830505,0.4105336368083954,0.08776728808879852,-0.16242089867591858,-0.5343189239501953,0.376807302236557,-0.3228575885295868,0.3353964686393738,0.2208542376756668,-0.26713326573371887,0.3614223599433899,-0.06699704378843307,0.123079814016819,-0.3248406648635864,-0.2608610987663269,0.37608566880226135,-0.1364060342311859,0.11366721987724304,-0.1465829312801361,-0.20456866919994354,-0.37735262513160706,0.3979077935218811,0.06261923164129257,0.3358885645866394,0.5875539779663086,0.1320137232542038,-0.42330554127693176,-0.004537268541753292,0.35837846994400024,0.2029266655445099,-0.16410653293132782,-0.044963158667087555,-0.05904940515756607,0.10831508785486221,-0.5838396549224854,-0.21262127161026,-0.29615524411201477,0.15627294778823853,0.4093192219734192,-0.1930057853460312,0.0022544285748153925,0.0368921272456646,0.09040267020463943,0.3093392252922058,-0.2633802890777588,-0.015074403025209904,-0.07799605280160904,0.1561187207698822,0.29902905225753784,0.5250526070594788,-0.3381732404232025
๊,-0.42407551407814026,-0.02288503758609295,-0.08009932190179825,-0.16397739946842194,0.6916760802268982,-0.37236452102661133,-0.24109721183776855,-0.1362009346485138,0.08730389177799225,0.2761135399341583,-0.10362350940704346,-0.4680710434913635,-0.15182310342788696,-0.13085518777370453,-0.5931506156921387,0.02108239009976387,0.17568029463291168,-0.4173446297645569,-0.07391098886728287,0.388849675655365,0.053383298218250275,0.2147783786058426,0.509730339050293,0.2611692249774933,0.13308432698249817,-0.16494187712669373,-0.10380744934082031,0.04883747175335884,-0.41899192333221436,-0.29166367650032043,-0.19193297624588013,-0.19934256374835968,-0.08621842414140701,-0.08326052874326706,0.22839400172233582,0.7294968366622925,0.04220523312687874,0.13546109199523926,0.02109423838555813,-0.14193615317344666,0.01947680674493313,-0.38270530104637146,-0.10215696692466736,0.3704199194908142,-0.18391577899456024,-0.17325469851493835,0.3833758533000946,-0.34320083260536194,0.1706065833568573,0.238340824842453,0.3575341999530792,0.04280254989862442,0.5310908555984497,-0.4279835522174835,0.16945773363113403,0.08065306395292282,-0.3395328223705292,-0.03162652999162674,0.3177087903022766,0.30504679679870605,0.41598013043403625,-0.25294485688209534,0.21307674050331116,0.32088300585746765,0.29999595880508423,-0.35912105441093445,-0.1575765162706375,0.18221113085746765
๋,-0.3213704228401184,-0.16847315430641174,0.4687855839729309,0.15400657057762146,0.46321597695350647,-0.5316137075424194,0.00333847152069211,-0.40631788969039917,-0.23552928864955902,0.10568633675575256,0.2812526226043701,-0.3754218816757202,-0.11359899491071701,-0.48913100361824036,-0.43220382928848267,0.19136330485343933,-0.2012646198272705,0.144601970911026,0.12154561281204224,-0.09214846789836884,0.4953325688838959,-0.5914028882980347,-0.3859962821006775,0.02970428392291069,0.052631840109825134,-0.08233567327260971,-0.045661285519599915,-0.4704574942588806,0.01889956183731556,0.6771665811538696,-0.20387662947177887,-0.19503061473369598,-0.4925863444805145,-0.12134021520614624,0.2400084137916565,0.46354910731315613,0.10036342591047287,0.1242518499493599,-0.13912010192871094,0.5504593849182129,0.33922576904296875,0.10179364681243896,0.010901878587901592,0.13048534095287323,0.237196147441864,0.17077745497226715,0.12634068727493286,0.31042253971099854,-0.25071999430656433,-0.30642494559288025,-0.45392146706581116,-0.06783685088157654,0.14445054531097412,-0.32377922534942627,0.31932976841926575,-0.16791318356990814,0.20198825001716614,0.231956347823143,-0.45542794466018677,0.048870086669921875,0.0675097182393074,0.6368067860603333,-0.04782231152057648,-0.07568809390068054,0.17185267806053162,0.0003740173706319183,-0.11681199073791504,0.18703532218933105
์,0.39970389008522034,0.3625791668891907,-0.004681480582803488,0.14581546187400818,0.3998299837112427,-0.48266470432281494,0.17436259984970093,0.4772794842720032,-0.310005247592926,-0.06266763806343079,-0.06049927696585655,-0.22786244750022888,-0.12454509735107422,0.09692959487438202,0.5395020842552185,0.0033545487094670534,-0.12418227642774582,0.29838547110557556,0.2870316803455353,-0.2294972687959671,-0.16203883290290833,-0.5280822515487671,-0.02064431831240654,0.5105841755867004,0.24728776514530182,0.21737585961818695,0.6888075470924377,0.5863435864448547,-0.34830331802368164,0.34567978978157043,-0.07521580904722214,-0.48512089252471924,0.025435812771320343,0.3092809319496155,0.14252743124961853,-0.5867727398872375,0.21432451903820038,-0.03850197792053223,-0.6822938323020935,0.09361584484577179,-0.09228939563035965,0.22154562175273895,0.26164761185646057,-0.35952943563461304,-0.2781500518321991,-0.12000221759080887,-0.023479163646697998,-0.15944385528564453,0.3716147840023041,-0.06192938610911369,0.1155465617775917,0.032397620379924774,0.04635841026902199,-0.1127101331949234,0.11011994630098343,0.3987707197666168,0.04204082489013672,0.10021282732486725,0.2447786182165146,0.0921555608510971,0.22145207226276398,-0.0059288362972438335,0.01823391206562519,-0.2146180123090744,0.2934638261795044,-0.08089930564165115,0.35349878668785095,-0.45759931206703186