ม,-0.2254086285829544,-0.26592889428138733,-0.15716400742530823,0.15069088339805603,-0.08214331418275833,-0.06872600317001343,-0.3386278450489044,-0.03490380197763443,0.129666268825531,0.15433722734451294,0.08880794793367386,-0.07281790673732758,-0.09991361200809479,-0.46543195843696594,-0.1143106147646904,-0.2832705080509186,0.24611200392246246,-0.35929375886917114,-0.16415369510650635,0.12610864639282227,0.25308096408843994,-0.053712885826826096,0.14933854341506958,-0.15707185864448547,0.09180024266242981,0.10159207135438919,0.03639546409249306,-0.04835105687379837,-0.04637627676129341,-0.18332980573177338,0.07738929241895676,0.24263609945774078,-0.04959854856133461,0.3171834349632263,-0.20892804861068726,-0.28389081358909607,-0.053837504237890244,0.0846126601099968,0.10277331620454788,-0.003332801628857851,0.15316635370254517,-0.39409106969833374,-0.05480007082223892,-0.20526576042175293,-0.5938977599143982,0.3289243280887604,0.2542072534561157,-0.2271333932876587,0.21742747724056244,-0.007303193211555481,-0.1456540822982788,0.22172057628631592,0.11662507057189941,-0.15649551153182983,0.5723021626472473,0.02071848325431347,0.10157197713851929,-0.049546465277671814,0.06754817068576813,0.0010832370026037097,-0.3433220684528351,0.4001040756702423,-0.33866915106773376,0.08731628954410553,-0.27478688955307007,0.06483127176761627,-0.016428370028734207,0.19479359686374664
ณ,0.2971176207065582,0.011106026358902454,0.42942938208580017,0.23243547976016998,0.06562916934490204,0.07399153709411621,-0.23767372965812683,-0.10090469568967819,0.2558169662952423,0.21626749634742737,-0.0940890833735466,0.1274820864200592,-0.21158699691295624,-0.3068157434463501,-0.2739136219024658,0.08031854778528214,0.33210489153862,-0.18759629130363464,0.22097519040107727,0.14107955992221832,-0.15266166627407074,-0.1434800624847412,-0.2094336897134781,-0.057812418788671494,0.31201791763305664,-0.29614099860191345,-0.23391929268836975,0.10517150163650513,-0.12354334443807602,0.14967066049575806,-0.2834610044956207,-0.06379684060811996,-0.0944771096110344,-0.1978743076324463,0.07383287698030472,-0.6401773691177368,0.061122115701436996,0.16078002750873566,-0.283976674079895,-0.14680227637290955,0.23338723182678223,0.25352731347084045,-0.16976207494735718,-0.007128633093088865,-0.2592371106147766,0.07974375039339066,0.14607718586921692,0.05423373728990555,-0.2452453225851059,-0.11005644500255585,0.27762147784233093,-0.015096917748451233,0.07932028919458389,0.4554291367530823,0.018068118020892143,-0.1369589865207672,-0.14618182182312012,-0.04183180257678032,-0.20804403722286224,-0.26157569885253906,-0.47464829683303833,-0.19397549331188202,-0.09440453350543976,-0.27000880241394043,0.4188571870326996,-0.3676164746284485,0.22796644270420074,-0.10216183215379715
น,-0.10624242573976517,-0.10906387120485306,0.10534585267305374,-0.040328171104192734,-0.0959589034318924,0.23982276022434235,-0.36255669593811035,-0.10625665634870529,0.42913007736206055,0.21837961673736572,-0.06327115744352341,-0.1260751336812973,-0.2178029865026474,0.09853291511535645,-0.20879176259040833,0.25734469294548035,0.02274390496313572,0.3301577866077423,0.10732650756835938,0.14522279798984528,-0.3853560984134674,0.218430295586586,0.09089973568916321,0.0719454362988472,0.2390308529138565,-0.1254184991121292,0.048353713005781174,0.020114092156291008,-0.2522474527359009,0.19538627564907074,0.0470893420279026,0.15475738048553467,-0.33104684948921204,-0.36447831988334656,0.32501232624053955,0.04883302003145218,-0.21478603780269623,0.36237668991088867,0.04276108741760254,0.0984404906630516,-0.3629609942436218,-0.6822453737258911,-0.02792629785835743,0.19305631518363953,0.21239827573299408,0.08836185187101364,-0.15338702499866486,-0.08945880085229874,0.18956224620342255,-0.15190477669239044,-0.007083930540829897,-0.10761392116546631,-0.013942467048764229,0.2138575315475464,0.3304864168167114,0.3482019901275635,0.01674538478255272,0.11691741645336151,0.18519915640354156,0.26697129011154175,0.2654918134212494,-0.24045446515083313,0.022624781355261803,0.283942848443985,0.07466336339712143,0.07097910344600677,0.0912092849612236,-0.03797895833849907
ง,0.015926295891404152,-0.06425215303897858,-0.26213201880455017,0.02902076579630375,0.20409627258777618,-0.17233777046203613,-0.1591825783252716,0.21142609417438507,-0.1465943455696106,0.46737349033355713,-0.1262441724538803,-0.34416666626930237,-0.39604538679122925,-0.3469197154045105,0.00022066569363232702,-0.14410768449306488,-0.14766919612884521,-0.1603868007659912,0.06408647447824478,-0.368215948343277,0.14589299261569977,-0.12475812435150146,0.1575177162885666,0.12453515082597733,0.09747413545846939,0.14402414858341217,0.013362148776650429,0.07159373164176941,0.02250560000538826,-0.0495900884270668,-0.005206673871725798,-0.31112486124038696,0.20003928244113922,0.08567243814468384,0.1562909483909607,-0.06048769876360893,-0.10040412843227386,0.13262473046779633,-0.3673008382320404,0.24182765185832977,-0.3389923572540283,-0.22835011780261993,-0.18985021114349365,0.3260692358016968,-0.028604799881577492,-0.14624089002609253,-0.062491174787282944,0.16652800142765045,-0.1056457906961441,-0.025632493197917938,0.06335863471031189,-0.059705302119255066,0.4733635187149048,0.011765126138925552,-0.08009424805641174,-0.28761646151542664,0.11215319484472275,-0.21148915588855743,-0.5882326364517212,-0.23040519654750824,0.13807161152362823,0.5506578087806702,0.10570795834064484,-0.3342295289039612,-0.20982736349105835,0.12081541866064072,-0.35940736532211304,-0.27388739585876465
ผ,-0.3060911297798157,-0.12956087291240692,0.18675552308559418,-0.36068469285964966,-0.09336099773645401,0.002755087800323963,-0.33070623874664307,-0.3068757653236389,0.34926822781562805,0.07879610359668732,0.017779044806957245,-0.0801585242152214,0.07342613488435745,0.3350338339805603,-0.008297656662762165,-0.2299545556306839,-0.025626305490732193,0.1557932198047638,0.4375370442867279,0.03757908195257187,-0.5190775990486145,-0.041903167963027954,0.195436492562294,-0.0997510701417923,0.054907746613025665,-0.35715723037719727,0.06169215962290764,0.30970504879951477,-0.16185656189918518,0.25671300292015076,0.04099264740943909,-0.39269208908081055,-0.16372106969356537,-0.06389669328927994,0.0738324373960495,0.08969297260046005,-0.1748676747083664,0.38424909114837646,-0.31948792934417725,-0.016001705080270767,0.35822737216949463,0.2835254371166229,0.1477450728416443,0.09137759357690811,0.41336607933044434,-0.26819908618927,-0.05118631571531296,0.003620965639129281,-0.0606122761964798,-0.11562789231538773,0.21419990062713623,-0.08259198069572449,0.17824731767177582,-0.06498493999242783,-0.049293894320726395,-0.2459864765405655,-0.48268401622772217,0.09355422109365463,-0.12689988315105438,-0.10481401532888412,-0.1133209690451622,0.10030071437358856,0.30807313323020935,-0.10066673904657364,-0.28135302662849426,-0.2993471026420593,-0.44834116101264954,0.06396114081144333
พ,-0.03887920081615448,0.06104988977313042,-0.20206224918365479,0.19757267832756042,0.058814194053411484,-0.2167445719242096,0.01790696382522583,0.42654702067375183,-0.016797920688986778,0.09591883420944214,0.10005563497543335,0.4165171980857849,0.29040685296058655,-0.6358906626701355,-0.16489368677139282,-0.06952472776174545,0.038955703377723694,-0.21493764221668243,0.05857391282916069,-0.008747996762394905,-0.18699881434440613,0.05777224898338318,0.1353035271167755,0.04524120315909386,0.19845815002918243,-0.13210919499397278,0.04000530391931534,-0.05689242109656334,-0.39425143599510193,0.2699028253555298,-0.14468181133270264,-0.2407938539981842,-0.16954927146434784,0.3601689338684082,0.19422945380210876,-0.14372532069683075,-0.1718645542860031,-0.26607903838157654,0.1550743579864502,-0.3115617334842682,0.4561220705509186,0.3472059965133667,-0.10083824396133423,0.18908275663852692,-0.02012014016509056,0.006591207347810268,0.10072538256645203,0.18321001529693604,-0.0882081538438797,0.08340874314308167,-0.028854288160800934,0.11084861308336258,-0.24253787100315094,-0.509070873260498,0.2763896584510803,0.35651570558547974,-0.1641797572374344,-0.4415910243988037,0.07849236577749252,-0.15820883214473724,0.1622251719236374,-0.30022889375686646,0.3889627456665039,-0.3001634180545807,0.20813900232315063,0.04938887432217598,0.07836928963661194,0.26963871717453003
ภ,-0.07067928463220596,0.09164521098136902,-0.12825199961662292,-0.19632388651371002,-0.1301683634519577,0.02171601727604866,0.3887299597263336,0.2572513520717621,-0.26166534423828125,0.018672967329621315,0.548227846622467,0.045042604207992554,-0.13953524827957153,0.2213575839996338,-0.20265617966651917,-0.15486375987529755,0.1831836700439453,0.4771895110607147,0.44127506017684937,0.3174247145652771,-0.03567150980234146,0.02596190571784973,0.1659075915813446,-0.35460516810417175,-0.23101700842380524,-0.08474776893854141,0.2502034306526184,0.12976422905921936,-0.005148231517523527,-0.25571516156196594,0.13304008543491364,-0.05227972939610481,-0.1328401118516922,-0.2177605926990509,-0.11456600576639175,-0.3613809645175934,-0.23358425498008728,-0.07976339757442474,-0.27274519205093384,0.11605830490589142,0.1566784828901291,-0.5255526900291443,0.2327660173177719,0.25500497221946716,-0.05839789658784866,0.1206546276807785,-0.14843684434890747,0.2699723541736603,-0.2365221381187439,-0.26243892312049866,-0.07043543457984924,-0.05368748679757118,-0.14045359194278717,-0.13276268541812897,0.1925724297761917,0.1216520145535469,0.24871912598609924,-0.3211759924888611,-0.29054737091064453,0.14290346205234528,-0.12078617513179779,0.059282463043928146,0.09270106256008148,-0.29378724098205566,-0.16346929967403412,0.15140634775161743,0.054153356701135635,-0.32652488350868225
ป,0.28375497460365295,0.3789323568344116,-0.10890579223632812,-0.04985453933477402,-0.23861657083034515,0.010568964295089245,-0.04977407306432724,-0.04526225104928017,-0.014007137157022953,-0.40490207076072693,-0.028986062854528427,-0.023788996040821075,0.28605717420578003,0.41572868824005127,0.27627208828926086,0.3701549470424652,0.1838148534297943,0.014973798766732216,0.2918623983860016,0.2961716651916504,0.10676901787519455,-0.29136747121810913,-0.27059122920036316,-0.19335705041885376,-0.1593330353498459,0.1523190289735794,0.3914546072483063,0.12704156339168549,0.0007875993032939732,0.3541550040245056,0.4150187373161316,-0.37470364570617676,-0.13259826600551605,-0.2247103750705719,-0.0892786905169487,0.09638131409883499,0.05400269478559494,-0.00865969154983759,-0.34532132744789124,-0.215086430311203,-0.05871063470840454,-0.11562324315309525,0.2667514681816101,-0.07168949395418167,-0.28963491320610046,-0.08935771137475967,0.164556086063385,-0.41280677914619446,0.04589967429637909,0.13152240216732025,-0.08058644831180573,-0.1411866843700409,0.16047611832618713,-0.11007733643054962,-0.08039876818656921,-0.21798710525035858,-0.2080029994249344,0.4499472379684448,-0.22181162238121033,0.17672249674797058,-0.43746599555015564,0.2818472683429718,0.12585152685642242,0.13933873176574707,-0.021021725609898567,0.023643119260668755,-0.1859932541847229,-0.1014263853430748
บ,0.09896726906299591,0.025088900700211525,0.010099805891513824,-0.1730819195508957,-0.10994486510753632,-0.27272850275039673,0.43480241298675537,-0.09140998125076294,-0.026718251407146454,0.007452338933944702,0.00012452297960408032,-0.12415292859077454,0.3309687674045563,0.330715149641037,-0.17653118073940277,-0.003706187242642045,-0.2342800348997116,0.038220908492803574,-0.03473773971199989,-0.2470059096813202,0.14965835213661194,-0.09932729601860046,-0.04563640058040619,0.21918295323848724,-0.4319624900817871,-0.1269635260105133,-0.5235964059829712,-0.03533965349197388,-0.2913704216480255,0.05797773227095604,0.1475084275007248,0.47354787588119507,-0.17771629989147186,-0.13339129090309143,-0.10109718143939972,0.1046053022146225,0.40802937746047974,-0.2243383526802063,-0.07153064757585526,0.07587425410747528,0.3978758752346039,0.12170617282390594,-0.06734117120504379,-0.28938373923301697,-0.2340455800294876,0.052790120244026184,0.17280451953411102,-0.15632833540439606,-0.22563284635543823,0.44361114501953125,0.2226696014404297,0.37632089853286743,0.26195216178894043,-0.2950439453125,0.36418354511260986,-0.14770837128162384,0.2186841517686844,0.17219661176204681,-0.27928152680397034,-0.18320733308792114,0.5514700412750244,-0.027490878477692604,-0.3181738555431366,0.19846642017364502,-0.07923316210508347,0.008169175125658512,0.17018355429172516,0.11419486254453659
ฐ,-0.41935816407203674,0.007915405556559563,0.10184506326913834,0.1004578173160553,0.26607128977775574,0.10579885542392731,-0.10711540281772614,0.1951397806406021,-0.3198888599872589,-0.15196265280246735,-0.016975918784737587,-0.10682296752929688,-0.23043711483478546,-0.04071227088570595,-0.37800467014312744,-0.10886607319116592,0.1988278478384018,0.10831979662179947,0.38010185956954956,0.1085735335946083,-0.2959698438644409,-0.13997289538383484,-0.11610285192728043,0.16229091584682465,0.03552250564098358,-0.04679923877120018,-0.025107450783252716,0.30172693729400635,0.04176703840494156,-0.10441764444112778,0.05141162499785423,-0.3829724192619324,-0.03765760362148285,-0.26211971044540405,0.45064184069633484,0.32499030232429504,-0.20142917335033417,0.008860097266733646,-0.023681195452809334,0.05040343105792999,-0.058094389736652374,0.06469190865755081,-0.08950842916965485,0.1307389736175537,0.024020487442612648,0.42149588465690613,0.4585481286048889,-0.08085297048091888,-0.007850594818592072,-0.12296780198812485,-0.008932785131037235,-0.7005508542060852,-0.04945904016494751,0.3064900040626526,0.08728384226560593,0.14736464619636536,-0.535519540309906,0.20809122920036316,0.044140007346868515,-0.17288105189800262,0.0030494662933051586,-0.13016396760940552,-0.07801981270313263,-0.16914114356040955,0.12319192290306091,-0.14477361738681793,-0.042822495102882385,0.15211734175682068
ถ,-0.2358981966972351,-0.12042544782161713,0.2695048153400421,-0.1108948364853859,-0.22681866586208344,0.162776917219162,-0.22628220915794373,-0.09454240649938583,-0.24572575092315674,0.08593663573265076,0.16778235137462616,0.151925191283226,0.330840528011322,-0.24418598413467407,0.04006491228938103,0.1894398033618927,0.36721155047416687,0.19106417894363403,-0.09920711815357208,-0.045726895332336426,-0.27358612418174744,0.11193284392356873,0.07717808336019516,0.13601811230182648,0.288658082485199,0.033722735941410065,-0.3292943835258484,0.06496283411979675,-0.3880198895931244,-0.07113570719957352,0.07366686314344406,0.27762889862060547,-0.17011147737503052,-0.13507699966430664,-0.09270249307155609,0.10631699115037918,-0.12506459653377533,0.002007568022236228,-0.5193347930908203,-0.07523860037326813,0.2554326057434082,-0.4625285267829895,0.12247729301452637,-0.07926081120967865,-0.014719992876052856,-0.06280212104320526,-0.015953144058585167,-0.33712297677993774,-0.5064826607704163,0.061982154846191406,-0.4688762128353119,0.3015889525413513,-0.07958996295928955,0.07037678360939026,0.11601050198078156,0.5346474647521973,0.24296016991138458,-0.0494777075946331,0.016049744561314583,0.22197070717811584,-0.07394051551818848,-0.08223666250705719,0.141075998544693,-0.02311883121728897,-0.23796992003917694,0.11513268947601318,-0.1788790374994278,0.12945449352264404
ฑ,-0.24299000203609467,0.01324180606752634,-0.3099755346775055,-0.1217760294675827,-0.1977757066488266,0.07246826589107513,0.19209328293800354,0.09708523750305176,-0.04792339354753494,-0.1012960821390152,0.08671069145202637,0.2892785370349884,-0.0756249725818634,-0.20883673429489136,-0.22957557439804077,-0.30381786823272705,-0.3337525427341461,-0.06698963046073914,-0.06463915854692459,0.2651248574256897,0.018213845789432526,0.44484975934028625,0.00941275805234909,-0.0035697149578481913,0.20379392802715302,0.03502050042152405,0.04591449350118637,-0.026247281581163406,0.01182650588452816,-0.11446656286716461,0.11556927114725113,-0.04641960933804512,0.20032832026481628,0.3431392312049866,0.055120620876550674,-0.11107779294252396,0.22198386490345,-0.07996775209903717,0.08261384814977646,0.1972249150276184,0.20615804195404053,0.3217378854751587,-0.2578943967819214,-0.1808551400899887,0.2351038008928299,-0.24642689526081085,0.6009897589683533,-0.33674293756484985,0.2960118353366852,0.31730759143829346,0.10549438744783401,-0.16431567072868347,-0.022706743329763412,-0.20973944664001465,0.4093819260597229,0.2876734137535095,0.04935367405414581,0.030535655096173286,0.35479244589805603,0.23619280755519867,0.306800901889801,-0.03153947368264198,-0.08463392406702042,0.005508666858077049,-0.39331936836242676,-0.02656705677509308,-0.14604303240776062,-0.2185918241739273
ฒ,0.3406563699245453,-0.4822387099266052,0.15832078456878662,-0.049609024077653885,-0.09412316977977753,-0.20955102145671844,-0.0818992480635643,0.14192160964012146,0.13707886636257172,0.10347866266965866,-0.05208487808704376,0.048691634088754654,-0.009072407148778439,-0.35072651505470276,-0.2739185690879822,-0.4564109444618225,0.01527936290949583,-0.3082955777645111,0.1181657463312149,0.08394012600183487,0.17120955884456635,-0.2667986750602722,-0.06312204897403717,-0.31398823857307434,-0.22994495928287506,0.3418176770210266,-0.5182452201843262,-0.08663322031497955,-0.0563034825026989,-0.06342624872922897,-0.35636866092681885,0.1678309440612793,-0.16625450551509857,-0.35797834396362305,0.0010873099090531468,-0.0825071930885315,-0.02940363809466362,-0.1239616647362709,0.30784928798675537,0.5469706058502197,-0.09230358153581619,-0.3860233724117279,-0.05562010779976845,0.1076367050409317,0.16134113073349,0.004651245661079884,0.2524482011795044,0.030816620215773582,0.2084810435771942,0.12227611988782883,-0.23994767665863037,0.1447184830904007,-0.11313421279191971,-0.06323422491550446,-0.09965912997722626,-0.10842336714267731,-0.13861273229122162,-0.08988659083843231,0.27029556035995483,0.07659567147493362,0.06893026828765869,-0.15894778072834015,-0.15385523438453674,-0.1753380000591278,0.03189428150653839,0.18477927148342133,-0.21101810038089752,-0.23029088973999023
ท,0.10313314944505692,0.15154501795768738,-0.12285090982913971,-0.3622857332229614,-0.25383710861206055,-0.06685192137956619,0.03475717455148697,0.3805229067802429,-0.17908664047718048,-0.0025215696077793837,-0.11367467790842056,0.14761361479759216,-0.1309344619512558,0.31746262311935425,-0.2104537934064865,-0.004404718521982431,0.046675536781549454,0.016979295760393143,0.39850711822509766,0.010007471777498722,0.10377220809459686,-0.5567070841789246,0.15574868023395538,-0.14791561663150787,-0.07800848037004471,-0.11695624142885208,-0.03178822249174118,-0.021689094603061676,0.2541351616382599,-0.20180566608905792,-0.10923755913972855,0.15981364250183105,-0.17393125593662262,0.24411684274673462,-0.10744348913431168,-0.05779798701405525,0.2897081971168518,0.020098010078072548,0.46002671122550964,-0.12839475274085999,0.048318833112716675,-0.19455567002296448,0.00203042128123343,0.14596882462501526,0.03240805119276047,-0.11987532675266266,0.1090996116399765,0.22621379792690277,0.21513743698596954,0.27594491839408875,-0.40940162539482117,-0.07685653120279312,0.12661954760551453,0.08804062753915787,-0.25123441219329834,0.2595338225364685,-0.2856398820877075,0.14228969812393188,-0.2215307652950287,0.22994229197502136,0.008234607987105846,0.34640198945999146,-0.07254407554864883,0.11755218356847763,-0.12088161706924438,0.1679343283176422,0.21002134680747986,0.559210479259491
ธ,0.13307568430900574,-0.050179943442344666,0.24417169392108917,0.11523997038602829,-0.4649810194969177,-0.1013435423374176,-0.17221245169639587,-0.21303655207157135,0.004018361214548349,-0.13420997560024261,0.37812739610671997,-0.22079643607139587,0.21645304560661316,-0.10389667749404907,-0.19114018976688385,-0.08614840358495712,-0.06845877319574356,-0.07204104959964752,0.11250155419111252,0.11537031829357147,0.08155150711536407,0.3134779632091522,0.033859848976135254,-0.001200017984956503,0.16263628005981445,-0.002202477538958192,0.5495083928108215,-0.2634935677051544,0.3409707248210907,-0.26254788041114807,-0.22155672311782837,-0.07510967552661896,0.026550961658358574,0.24960534274578094,0.40077054500579834,0.00521027110517025,-0.033982813358306885,0.12900826334953308,0.04441416636109352,0.013884845189750195,-0.00268063647672534,0.2656842768192291,-0.2879483997821808,0.3307797610759735,-0.16153916716575623,0.1461641639471054,0.182652547955513,0.09886173158884048,-0.08611048758029938,-0.2780935764312744,-0.06601734459400177,0.372298002243042,0.20579518377780914,0.20934371650218964,-0.0015027400804683566,0.05008861795067787,-0.0528634749352932,-0.04256727173924446,-0.016156764701008797,0.33148813247680664,-0.04091688245534897,-0.2902753949165344,-0.3056239187717438,-0.14361967146396637,0.38698843121528625,0.19215628504753113,-0.004382896702736616,0.10512116551399231
ฏ,0.08675650507211685,-0.28757211565971375,0.4096052050590515,-0.2541646659374237,-0.10730361938476562,-0.26716887950897217,0.07191935181617737,-0.223849818110466,0.03285624086856842,-0.2938030958175659,0.09265656024217606,0.43264731764793396,-0.17989695072174072,-0.3397597670555115,0.3102947771549225,0.123561330139637,-0.17895382642745972,-0.21340279281139374,0.07427456229925156,0.16969354450702667,0.20834501087665558,0.22657930850982666,-0.2681014835834503,-0.007859601639211178,-0.028892435133457184,-0.0396384596824646,0.21254165470600128,0.02642512507736683,0.24702785909175873,0.18973308801651,-0.11210251599550247,0.09658797830343246,0.09926264733076096,-0.27934640645980835,0.07949113845825195,-0.47968316078186035,-0.17855583131313324,0.024472378194332123,0.16367796063423157,-0.029668666422367096,-0.19354720413684845,0.09755618125200272,0.2550497353076935,0.40500903129577637,0.06012177839875221,0.1547885239124298,0.17969085276126862,-0.06381551921367645,0.17027682065963745,-0.1518065333366394,0.13253335654735565,0.06351339817047119,-0.3558904528617859,-0.041366275399923325,0.22291173040866852,0.0173330195248127,0.37259116768836975,-0.007918125949800014,0.17587333917617798,0.3483445644378662,0.23488207161426544,-0.0633029192686081,0.18388895690441132,-0.18050579726696014,0.34839117527008057,-0.23853425681591034,-0.2578689754009247,-0.32409408688545227
ต,-0.36388182640075684,0.04769819602370262,0.24554657936096191,0.20803208649158478,0.04552300274372101,-0.1128794327378273,0.051917240023612976,0.19292791187763214,0.06509959697723389,0.1932700276374817,-0.29381150007247925,-0.3282182514667511,-0.3113812506198883,0.1544891893863678,-0.04973403736948967,-0.15136484801769257,-0.1819225549697876,0.11694664508104324,-0.11968301236629486,-0.35790497064590454,0.04411359503865242,0.23962199687957764,0.29707586765289307,-0.04269513115286827,-0.17042343318462372,0.21238961815834045,-0.16660268604755402,-0.07360315322875977,0.005412047728896141,-0.37625977396965027,-0.270757794380188,-0.029661228880286217,0.032987721264362335,0.10915076732635498,-0.38760796189308167,0.03673262149095535,0.25049951672554016,-0.10374555736780167,0.2738674581050873,-0.13195118308067322,-0.33844682574272156,-0.09741098433732986,-0.2064109444618225,-0.19260315597057343,0.5086925625801086,-0.25639253854751587,-0.08049095422029495,-0.02565726824104786,0.3262577950954437,0.13540531694889069,-0.06331628561019897,-0.3383178412914276,0.3936348259449005,-0.051736004650592804,0.2001120001077652,-0.1147850826382637,-0.335115522146225,-0.06629742681980133,-0.10931559652090073,-0.2213984876871109,-0.23445041477680206,-0.22326132655143738,-0.1552218496799469,0.2330394834280014,0.5564650297164917,-0.10629557818174362,-0.05893106758594513,0.22569876909255981
ฎ,-0.2230813354253769,-0.36584532260894775,0.030150773003697395,0.22378933429718018,0.13230010867118835,0.3826782703399658,-0.17263932526111603,0.23106642067432404,-0.392442524433136,0.0018733162432909012,0.021972494199872017,-0.020256677642464638,-0.06138647720217705,0.14688140153884888,0.30561426281929016,0.08227302879095078,0.13145045936107635,-0.08513735979795456,0.08365246653556824,-0.5939787030220032,-0.06790956109762192,-0.33848774433135986,-0.16205912828445435,-0.019070852547883987,0.15349191427230835,-0.013569866307079792,0.17030613124370575,0.055475395172834396,-0.030410684645175934,0.17906585335731506,-0.10745027661323547,-0.01580057106912136,-0.1363423764705658,-0.11671517789363861,0.07328380644321442,0.09408993273973465,-0.1268315464258194,0.18713945150375366,0.26527121663093567,0.11434637010097504,0.052957870066165924,0.3416977524757385,0.15954181551933289,-0.38802242279052734,0.17761261761188507,0.0990930125117302,-0.22320514917373657,-0.037376921623945236,0.01395166851580143,-0.23340517282485962,-0.49014219641685486,-0.07573391497135162,0.10738442093133926,-0.3020051121711731,0.13904370367527008,-0.02929048426449299,0.604331910610199,-0.36206692457199097,0.02540077455341816,0.015593617223203182,0.0820155143737793,-0.14164003729820251,-0.3991079330444336,0.2888319790363312,-0.12636302411556244,0.27954721450805664,0.09493456035852432,-0.18792805075645447
ด,0.211841881275177,-0.02125963568687439,-0.19290129840373993,0.013025485910475254,-0.010652120225131512,-0.41284096240997314,0.38573020696640015,0.5227255821228027,0.1058555617928505,0.2600441575050354,0.06433562189340591,-0.062019653618335724,0.17865349352359772,-0.013923338614404202,-0.09008878469467163,-0.285966157913208,0.34244054555892944,-0.011651158332824707,-0.181004598736763,0.3075956404209137,0.4437320828437805,0.22860154509544373,0.3556183874607086,0.15940004587173462,0.2568603754043579,0.38864004611968994,0.1102755144238472,0.026104357093572617,0.33153578639030457,0.18943481147289276,-0.030341515317559242,-0.007155151106417179,-0.027234863489866257,-0.3073650002479553,-0.30370667576789856,0.29675090312957764,-0.09052854776382446,-0.5526918172836304,-0.28281697630882263,0.3183903396129608,0.04228871688246727,0.12805184721946716,-0.16499978303909302,0.3322226107120514,-0.052013274282217026,0.07581546902656555,-0.061926573514938354,0.17193152010440826,-0.25122469663619995,-0.2107808142900467,0.022613603621721268,-0.26506826281547546,-0.0198057871311903,-0.046310197561979294,-0.0390651561319828,0.06364969909191132,0.30151933431625366,0.07564763724803925,-0.030586013570427895,-0.12299451977014542,0.49051031470298767,0.08715058863162994,-0.3054058253765106,-0.012106062844395638,-0.15422669053077698,0.01195603422820568,0.12371176481246948,0.08221331983804703
ข,0.035753458738327026,-0.22124512493610382,0.2083854377269745,-0.08281943947076797,0.26914823055267334,-0.053126197308301926,0.10295721143484116,-0.09870938211679459,0.12239118665456772,-0.0850239023566246,0.13355806469917297,0.19292379915714264,-0.29231852293014526,-0.0007576184580102563,0.3239210247993469,0.050506386905908585,-0.02151791751384735,-0.4178448021411896,-0.13262581825256348,-0.07123846560716629,0.17755991220474243,-0.5025382041931152,0.3985818326473236,-0.5411673784255981,-0.2515295445919037,0.016568750143051147,0.19579744338989258,0.0591706745326519,-0.1996164321899414,0.10739649087190628,-0.42880526185035706,-0.29677578806877136,-0.02556065283715725,0.11712877452373505,0.1599416583776474,-0.020306149497628212,-0.05123593658208847,-0.3548986613750458,0.27803581953048706,0.06592610478401184,0.08199601620435715,-0.23808510601520538,-0.09589054435491562,0.05839109793305397,-0.04890124127268791,-0.11607851088047028,-0.5200839638710022,0.1350637525320053,-0.1690337061882019,-0.1103416383266449,0.05338677018880844,0.04427751526236534,0.4933401644229889,0.0077355909161269665,0.18477435410022736,0.11675285547971725,-0.038668256253004074,0.09110286086797714,0.11500733345746994,-0.06695806235074997,-0.2640313506126404,0.12148750573396683,-0.0630011335015297,0.1375637650489807,0.195197194814682,0.03066704235970974,-0.026813708245754242,0.1037442535161972
ฃ,-0.5648391246795654,-0.14773254096508026,-0.2920651435852051,0.14061668515205383,0.004805961158126593,0.048443231731653214,0.14146792888641357,0.25755318999290466,0.3716272711753845,-0.0427057109773159,-0.30070051550865173,0.02695007435977459,-0.1412249207496643,0.15026959776878357,-0.13369134068489075,-0.17155896127223969,0.2018326371908188,0.3081992268562317,-0.16555480659008026,-0.16855645179748535,-0.4264185428619385,-0.026904810220003128,0.25455358624458313,0.07619914412498474,0.27232176065444946,0.03248465806245804,0.04598355293273926,0.17672321200370789,-0.256206750869751,-0.3135015070438385,-0.043388303369283676,0.03894568979740143,-0.12659460306167603,-0.024390308186411858,0.024326255545020103,-0.35823845863342285,0.30365443229675293,-0.1465299278497696,0.3151061534881592,-0.238302081823349,-0.11027275770902634,-0.10530728101730347,-0.3826633393764496,-0.0390484593808651,-0.20768703520298004,-0.0918472558259964,-0.032876964658498764,0.12783010303974152,0.22485332190990448,-0.16518178582191467,-0.05457927659153938,-0.18086931109428406,0.2815249264240265,-0.11597258597612381,-0.373808354139328,-0.14563632011413574,-0.1334022730588913,-0.007223652210086584,-0.08813364058732986,-0.04484717175364494,-0.26609861850738525,0.06160607561469078,-0.19986513257026672,-0.07318361103534698,-0.13942134380340576,0.10198678821325302,0.16109636425971985,-0.2769322991371155
ค,0.3352218270301819,-0.3048821687698364,0.3006042242050171,0.3731721341609955,-0.2792837917804718,-0.1229020208120346,0.06924104690551758,-0.00040916065336205065,0.3469308614730835,0.0037550488486886024,-0.04009934887290001,-0.2926017940044403,-0.06224445253610611,0.007888107560575008,-0.07508794963359833,-0.12722235918045044,-0.31460055708885193,0.37696167826652527,-0.11644997447729111,0.24159294366836548,-0.21250027418136597,-0.38368627429008484,0.07180666923522949,-0.11388499289751053,0.0066321543417871,0.1723010540008545,-0.061753638088703156,0.28596848249435425,-0.12472469359636307,0.13037188351154327,0.05180881917476654,0.35129809379577637,0.05947551131248474,0.19447031617164612,-0.0206480510532856,-0.08581241220235825,-0.3818973898887634,-0.5107137560844421,-0.05341558903455734,0.3109942674636841,-0.08366480469703674,0.40459755063056946,-0.006928601767867804,0.027755415067076683,-0.22188560664653778,0.11394258588552475,0.30537569522857666,-0.044492971152067184,0.04538515582680702,0.048448119312524796,-0.0784490630030632,-0.016448974609375,-0.1540479212999344,-0.15926750004291534,0.2614138126373291,-0.1344098150730133,0.22938983142375946,0.11417346447706223,-0.13301730155944824,0.12670937180519104,-0.5597192645072937,0.06641706079244614,-0.2212885320186615,0.04899716377258301,0.1920182704925537,0.3181816339492798,-0.27045509219169617,-0.02071726880967617
ฅ,-0.10136818885803223,0.069727323949337,-0.23063327372074127,0.27268531918525696,0.028323406353592873,-0.02967800945043564,0.09673310071229935,-0.09155601263046265,0.08847758919000626,-0.07681414484977722,-0.14730608463287354,-0.22437208890914917,0.03187411651015282,0.3604804575443268,0.19276835024356842,-0.048739954829216,-0.1973564326763153,-0.2931773364543915,-0.0027082215528935194,-0.2137761116027832,-0.13136088848114014,-0.1523681879043579,0.2541828453540802,0.36432722210884094,-0.12399179488420486,-0.10643984377384186,-0.2052960991859436,0.13970054686069489,-0.5667091012001038,0.21398532390594482,-0.12188026309013367,0.1490233838558197,-0.07848101854324341,0.23834000527858734,0.16200615465641022,0.20341330766677856,0.01462774071842432,0.18050752580165863,-0.11300183087587357,-0.08224689960479736,0.44273895025253296,0.17324000597000122,-0.18451522290706635,-0.20088167488574982,0.11876722425222397,-0.10448619723320007,-0.36773163080215454,-0.018965478986501694,-0.3347908854484558,-0.16988076269626617,0.3128992021083832,-0.05058003589510918,0.1744564026594162,0.40424972772598267,-0.1972469985485077,0.13777071237564087,0.0295315720140934,-0.23807132244110107,-0.11220689117908478,0.19081032276153564,0.05380761995911598,-0.18264523148536682,-0.23468756675720215,-0.03770681470632553,0.5245633721351624,0.05954081565141678,0.17362529039382935,0.27649784088134766
ฆ,0.0020287868101149797,-0.38993918895721436,-0.38998329639434814,0.24967345595359802,-0.29903754591941833,-0.17782895267009735,0.23644483089447021,0.250653475522995,0.29667508602142334,-0.07932685315608978,0.13196192681789398,-0.01757635548710823,-0.06889539957046509,0.022282784804701805,0.0505087785422802,0.3487966060638428,-0.009696247056126595,0.09407921880483627,0.1536061018705368,0.14671939611434937,0.145743265748024,-0.31160837411880493,0.1405397206544876,-0.20305654406547546,-0.23296837508678436,0.03084447979927063,0.09774795174598694,-0.05592911317944527,0.007449357304722071,-0.059508465230464935,0.16955216228961945,0.3071097731590271,0.48825526237487793,0.17107628285884857,0.17624478042125702,-0.016487596556544304,0.3412771224975586,0.1609353870153427,-0.0055259475484490395,-0.48213502764701843,-0.2256442904472351,0.10701091587543488,0.17893821001052856,-0.32139095664024353,0.22026976943016052,0.45206981897354126,-0.05942652374505997,-0.17336337268352509,-0.18805347383022308,-0.0819983035326004,0.25094014406204224,-0.09314311295747757,0.15852278470993042,0.29323610663414,-0.09523627907037735,0.14643195271492004,-0.11646179854869843,0.24615304172039032,-0.2702943980693817,0.1134755089879036,0.3077889084815979,0.1643688976764679,-0.056644540280103683,-0.3314424455165863,-0.12141124904155731,0.18066199123859406,-0.007103675045073032,-0.45229288935661316
ก,0.35060256719589233,-0.39399608969688416,-0.08093685656785965,0.12037280201911926,-0.10641709715127945,-0.28603729605674744,0.19819527864456177,0.2966998219490051,-0.06828843057155609,-0.132464200258255,0.6863858103752136,-0.056198932230472565,-0.048056088387966156,0.4092942774295807,-0.0005296210292726755,0.03300296515226364,0.041612379252910614,-0.055198099464178085,0.43464231491088867,-0.0915459394454956,-0.232453390955925,-0.21610835194587708,0.4770667552947998,0.22834591567516327,0.20620043575763702,-0.054113321006298065,-0.10644718259572983,-0.15537334978580475,0.11862166970968246,0.23027648031711578,-0.05389244481921196,-0.02458152174949646,-0.14380910992622375,0.0360478051006794,-0.022314688190817833,-0.23999005556106567,-0.10544857382774353,0.1760060340166092,0.23302346467971802,-0.24776490032672882,0.049883048981428146,-0.029909256845712662,0.17739591002464294,-0.3361780643463135,-0.09896207600831985,0.049928370863199234,0.03769495710730553,-0.22924023866653442,0.4261466860771179,-0.17242644727230072,-0.0205977950245142,0.004403986502438784,-0.3013761043548584,-0.24366416037082672,-0.22762173414230347,0.40112102031707764,-0.11505767703056335,0.29897773265838623,-0.17308975756168365,0.0217449851334095,-0.21647660434246063,-0.09772714227437973,0.09366890043020248,-0.12130194157361984,-0.1926508992910385,-0.056385140866041183,0.5000872015953064,0.19897142052650452
อ,-0.08666573464870453,-0.07634346932172775,0.19059564173221588,0.3181946873664856,-0.18555638194084167,0.43955132365226746,-0.2123953402042389,0.2089770883321762,-0.3555162847042084,0.24291470646858215,0.2267957329750061,0.4522712826728821,0.05941009521484375,0.008802534081041813,-0.0842752456665039,0.2577507495880127,-0.061375878751277924,-0.1531636118888855,0.06737484782934189,0.10580950230360031,0.03604382649064064,0.10356410592794418,0.16068097949028015,0.4441111385822296,0.1300857812166214,-0.0855664312839508,-0.09884463995695114,0.357660710811615,0.22413280606269836,-0.6219094395637512,0.046263549476861954,-0.1499587446451187,0.0632869303226471,-0.5585342645645142,-0.41646990180015564,0.2585633099079132,0.26598912477493286,0.21121488511562347,-0.133157879114151,0.015891533344984055,0.28691256046295166,-0.35164904594421387,0.25230321288108826,-0.21589340269565582,-0.3522060513496399,-0.07540332525968552,0.09611739963293076,-0.309921532869339,0.22490252554416656,-0.16077187657356262,0.07858894765377045,-0.061147112399339676,-0.04114125296473503,-0.27890220284461975,-0.3551073968410492,-0.17914728820323944,-0.2668173611164093,-0.01638813130557537,0.18283817172050476,-0.18268439173698425,0.22796301543712616,-0.17949740588665009,0.2232234925031662,-0.18632380664348602,-0.0341108962893486,0.3628801703453064,-0.02956458181142807,0.03699367865920067
ร,-0.07116390019655228,-0.31453046202659607,0.04435543343424797,0.09075814485549927,0.12347286939620972,0.022079484537243843,-0.26889821887016296,0.11720160394906998,0.037936922162771225,-0.12872996926307678,0.129496231675148,-0.07999097555875778,-0.04893339052796364,0.21738594770431519,-0.15564896166324615,0.41541820764541626,-0.10354762524366379,-0.25006812810897827,0.2533884346485138,0.2828691899776459,0.20206162333488464,-0.044881127774715424,-0.0644989013671875,0.006856871768832207,0.0739113837480545,0.017484037205576897,0.02997857891023159,-0.20772336423397064,-0.029923301190137863,-0.16989685595035553,0.13748987019062042,-0.03234635666012764,0.0524049811065197,-0.02138070948421955,-0.5002683401107788,0.190593883395195,0.04407155141234398,-0.02467474713921547,0.275684118270874,-0.6373266577720642,0.19840069115161896,0.1634780466556549,0.11056724190711975,-0.2813310921192169,0.13046687841415405,-0.6401777863502502,-0.1145969033241272,-0.0706527978181839,-0.013723334297537804,0.22455734014511108,-0.2381962686777115,-0.050231680274009705,0.08870671689510345,-0.16888511180877686,0.3603817820549011,-0.31923598051071167,0.08387216180562973,0.06319145858287811,-0.10221672803163528,0.1129411980509758,0.12939392030239105,0.09024599194526672,0.15936782956123352,0.209417924284935,0.32307106256484985,-0.04335511848330498,-0.42534923553466797,0.20058083534240723
ฤ,0.4017370939254761,-0.22225208580493927,0.07582784444093704,0.11426146328449249,-0.10812477022409439,-0.3156970143318176,-0.2423943728208542,0.19280782341957092,0.1200963482260704,-0.027052151039242744,0.29517337679862976,-0.2420109659433365,-0.2937597930431366,-0.22813144326210022,0.014103845693171024,0.02312997542321682,0.2951335906982422,0.24114295840263367,0.2011658251285553,-0.10220511257648468,0.07376296818256378,-0.09443684667348862,0.009604958817362785,-0.02037275955080986,-0.16122272610664368,-0.17522364854812622,0.23132558166980743,0.03943154960870743,-0.2602095603942871,0.23040995001792908,0.11098107695579529,0.19484122097492218,-0.32845020294189453,0.008314322680234909,0.03725259751081467,0.07332229614257812,-0.09366221725940704,0.16428245604038239,0.37072429060935974,0.07476258277893066,0.3432300388813019,0.24089418351650238,0.3481338918209076,0.07163408398628235,-0.505607545375824,0.255769282579422,-0.004249998368322849,0.03210388123989105,0.26506882905960083,-0.5046703815460205,-0.28194698691368103,-0.256096750497818,-0.1424160748720169,0.04405565932393074,-0.09952571988105774,-0.039346858859062195,-0.22812992334365845,0.0566244050860405,-0.1169309914112091,-0.001751965843141079,0.10552463680505753,-0.33625295758247375,0.07568013668060303,-0.18863816559314728,-0.1921030580997467,-0.10532493889331818,-0.2141735851764679,0.03313464671373367
ฉ,-0.01807558909058571,0.15705399215221405,0.1705598086118698,-0.3525487184524536,-0.060839924961328506,0.10744249820709229,0.11364488303661346,0.007337471004575491,-0.2539026737213135,0.05517562851309776,0.07381562888622284,-0.29609569907188416,0.34177619218826294,0.24938561022281647,-0.34197288751602173,0.15827900171279907,0.0062903412617743015,0.26843029260635376,-0.04982451722025871,-0.08452778309583664,-0.1451428085565567,-0.4748876988887787,0.21258948743343353,-0.0353061743080616,-0.09687754511833191,0.2669641077518463,0.12220539152622223,-0.21102604269981384,-0.056232575327157974,0.06259974092245102,0.01530448067933321,0.3455200791358948,-0.6477587819099426,0.45204484462738037,0.37255316972732544,0.07515327632427216,0.18412409722805023,-0.023086508736014366,-0.14182522892951965,-0.37463700771331787,-0.2322136014699936,-0.3339602053165436,-0.02507903054356575,0.14352653920650482,-0.3126695156097412,0.10150390863418579,0.21790122985839844,0.137067511677742,-0.1764681190252304,-0.09247497469186783,0.16849857568740845,-0.16810640692710876,-0.05744479224085808,0.11501536518335342,0.02578575536608696,0.19905172288417816,-0.014073824509978294,-0.3599017560482025,0.18733689188957214,-0.11749087274074554,0.08574140816926956,-0.3170919120311737,0.38096508383750916,-0.03553690016269684,0.19426728785037994,-0.07053127884864807,-0.1570214182138443,-0.1353674679994583
ช,-0.24832658469676971,0.0191950723528862,0.2921294569969177,-0.28321942687034607,0.2595846354961395,0.16166117787361145,0.27174112200737,0.23571498692035675,-0.12098227441310883,-0.019846485927700996,0.1254722774028778,0.2895738184452057,-0.0037369972560554743,0.42488324642181396,-0.09893948584794998,0.4362040162086487,0.4437510669231415,0.1714508980512619,-0.24664287269115448,-0.09793034195899963,-0.13625705242156982,-0.032460253685712814,-0.047925252467393875,-0.11470965296030045,-0.1763031780719757,-0.38862720131874084,0.15929369628429413,-0.34151819348335266,0.11756572872400284,0.2792101204395294,-0.18858593702316284,0.14531226456165314,0.16731496155261993,-0.13789543509483337,0.21151341497898102,0.19078604876995087,0.011916297487914562,-0.43790701031684875,-0.15905742347240448,0.023594597354531288,-0.1489080935716629,-0.3449253439903259,0.28969806432724,-0.3188190460205078,0.2056410163640976,0.16111640632152557,-0.04962076619267464,-0.3088945746421814,0.06911642104387283,0.16688303649425507,0.15365201234817505,0.03174987807869911,-0.048159100115299225,-0.11830346286296844,0.028267934918403625,-0.33383241295814514,0.45725464820861816,0.18411153554916382,-0.18891115486621857,0.06340218335390091,-0.11392023414373398,0.1888010948896408,-0.19133415818214417,0.15539243817329407,-0.16829700767993927,0.43243953585624695,-0.10102686285972595,-0.3085513710975647
ฌ,-0.046122703701257706,0.08899927139282227,-0.258301705121994,0.07821517437696457,-0.07879120856523514,-0.039461202919483185,0.35124146938323975,-0.18089482188224792,0.03707267716526985,-0.25635993480682373,0.2321678102016449,-0.14271685481071472,-0.1508302241563797,0.016656966879963875,-0.07672851532697678,0.17599667608737946,0.16922372579574585,-0.201113760471344,-0.31086042523384094,-0.04102391377091408,0.14540114998817444,0.05790498107671738,-0.3669561445713043,0.10678910464048386,0.4313267171382904,-0.46251410245895386,0.1538345217704773,-0.1693483591079712,0.26605936884880066,0.21463541686534882,-0.17660214006900787,0.1645713895559311,0.07676952332258224,-0.059889405965805054,0.3600221574306488,-0.09443835914134979,0.23576895892620087,-0.22815218567848206,-0.1626245230436325,0.18572446703910828,0.04086872190237045,-0.15453830361366272,0.2901415526866913,-0.07599528878927231,0.1816186159849167,0.2796281576156616,-0.4009382724761963,-0.03689327463507652,-0.10039141774177551,-0.17745201289653778,-0.31683677434921265,-0.14260287582874298,0.35231998562812805,-0.006129543296992779,0.010285530239343643,-0.44050872325897217,-0.4491788446903229,-0.19964075088500977,-0.3090471625328064,0.07514754682779312,0.023302298039197922,0.01861131750047207,-0.10152368247509003,0.347732812166214,0.1290976107120514,-0.1994926780462265,-0.027246257290244102,-0.15365833044052124
จ,-0.17743505537509918,-0.035254064947366714,-0.14816275238990784,-0.22623199224472046,-0.48399782180786133,-0.09827353060245514,0.07894226908683777,0.2918165922164917,-0.18582580983638763,-0.23221968114376068,0.3834173083305359,0.20299965143203735,0.29378387331962585,-0.10743137449026108,-0.062007710337638855,-0.4271368682384491,-0.028053849935531616,0.16143172979354858,-0.4041025936603546,0.19801653921604156,0.3459470868110657,-0.14560946822166443,-0.2599222958087921,0.03870726004242897,0.032621704041957855,0.13053299486637115,0.173625648021698,-0.3616040050983429,0.1569826751947403,-0.056417252868413925,-0.20267526805400848,0.31688135862350464,0.3198011815547943,0.16513504087924957,0.04928820580244064,-0.10212767869234085,-0.09635121375322342,-0.19136832654476166,-0.5196152329444885,0.1283719837665558,-0.11891103535890579,0.1569652110338211,-0.2350584864616394,0.1312878280878067,0.17877545952796936,-0.15925870835781097,0.24062630534172058,-0.12021704018115997,0.007822409272193909,0.47235727310180664,-0.2971484363079071,-0.2915619909763336,-0.010146991349756718,0.13317660987377167,0.12540580332279205,0.35916993021965027,0.013714072294533253,0.19618530571460724,0.03972499817609787,-0.046865202486515045,-0.23848414421081543,0.23887686431407928,0.12546417117118835,-0.11933218687772751,0.04520309716463089,-0.14457453787326813,0.31989026069641113,0.15939325094223022
ศ,0.043837279081344604,-0.06565837562084198,0.3019295036792755,0.28315284848213196,0.3505561053752899,0.0012403102591633797,-0.46400415897369385,0.2439466118812561,-0.036211252212524414,-0.09473210573196411,0.020733574405312538,-0.37987038493156433,-0.13306626677513123,-0.2773151993751526,0.11334317922592163,-0.22798854112625122,0.26159051060676575,0.037587251514196396,-0.08864793181419373,0.41421470046043396,0.10239055007696152,-0.10124100744724274,-0.39277273416519165,-0.14533771574497223,0.2773376405239105,0.011083883233368397,-0.005395856685936451,-0.14986829459667206,0.0799524262547493,0.13598546385765076,-0.10452412813901901,0.06287016719579697,0.32454419136047363,0.14217159152030945,-0.14211957156658173,0.15922045707702637,0.17838022112846375,-0.04297073930501938,0.25750377774238586,-0.2134111076593399,-0.24318571388721466,0.1547040045261383,-0.02450745925307274,-0.2705419659614563,0.38375717401504517,-0.06395893543958664,-0.4270382225513458,-0.22074183821678162,0.27179154753685,0.03698152303695679,0.04376958683133125,-0.07626811414957047,-0.14854294061660767,0.07143251597881317,0.5423880815505981,-0.2144945114850998,0.14494094252586365,0.16183951497077942,-0.1781339943408966,0.07176130264997482,0.034115519374608994,-0.20834292471408844,-0.027227500453591347,0.2108253836631775,-0.005645915865898132,0.2250848114490509,-0.2527683973312378,0.16718272864818573
ษ,0.27045953273773193,0.26428720355033875,0.020128201693296432,0.03858165442943573,-0.04820568487048149,0.06826334446668625,0.24276591837406158,0.0837901309132576,-0.0665411725640297,-0.3215470314025879,0.16578613221645355,0.37331423163414,-0.1663750261068344,0.12852025032043457,-0.2728525698184967,0.013833929784595966,0.3867442011833191,-0.08402359485626221,-0.07618671655654907,0.053292736411094666,0.1970837563276291,0.13507285714149475,-0.09964291006326675,0.0565439872443676,0.1825108826160431,-0.31383615732192993,0.3409753441810608,-0.09440498054027557,0.12730872631072998,0.11141601204872131,0.036648575216531754,-0.4220925271511078,-0.01833602599799633,0.09525012224912643,-0.01923069916665554,-0.14215435087680817,-0.11805567145347595,-0.3248654305934906,-0.28090912103652954,-0.4927319288253784,0.2022947371006012,-0.033911559730768204,0.4534979462623596,-0.2994683086872101,0.2412124127149582,-0.06938651204109192,-0.1503337174654007,0.09274335950613022,0.12449789047241211,0.05874047428369522,-0.33846962451934814,0.06554906070232391,-0.44809433817863464,-0.009159931913018227,0.09623716026544571,-0.16473627090454102,0.39697209000587463,0.18098729848861694,0.17778043448925018,0.18760700523853302,-0.009212154895067215,-0.03289216756820679,-0.050363920629024506,-0.1681457906961441,-0.22315315902233124,-0.059179406613111496,-0.007415448781102896,0.08025284856557846
ส,0.11034875363111496,0.1981351524591446,0.41465306282043457,-0.027764854952692986,-0.181987926363945,0.3823802173137665,0.1981908529996872,0.15132735669612885,-0.05323120206594467,-0.10626500844955444,0.3750496208667755,0.2725334167480469,0.06421902775764465,-0.16740509867668152,-0.21883830428123474,-0.36887305974960327,0.16740725934505463,0.3224979043006897,0.16340427100658417,0.20039278268814087,0.30289268493652344,0.1929192990064621,-0.11924714595079422,0.08329848200082779,0.3809617757797241,0.2085292786359787,-0.012038744986057281,0.08948403596878052,-0.28265222907066345,0.29237547516822815,0.4677678644657135,-0.1615917831659317,0.0052526043727993965,-0.15276770293712616,-0.17887085676193237,-0.011304967105388641,0.05388834699988365,0.271551251411438,0.07691983133554459,-0.2139582484960556,-0.17602649331092834,-0.444607675075531,-0.05204218998551369,0.2742530405521393,-0.036270007491111755,0.046612583100795746,0.2253403514623642,0.05981733649969101,-0.010564994066953659,-0.21380384266376495,0.06367197632789612,0.12315613031387329,0.08743007481098175,-0.19948738813400269,-0.06937224417924881,0.024173704907298088,0.05777732655405998,-0.028001992031931877,-0.29618310928344727,0.18288248777389526,-0.2431683987379074,0.2438139170408249,0.2941429018974304,-0.26411524415016174,-0.08328330516815186,-0.08765139430761337,0.10710706561803818,0.15063393115997314
ซ,0.2275346964597702,-0.07253716886043549,0.2599860429763794,0.4264821708202362,0.09163203090429306,0.2339242696762085,0.3931126892566681,-0.02317892573773861,0.531238317489624,-0.05465318262577057,-0.2087210714817047,0.11158575117588043,0.10612283647060394,-0.2477404773235321,0.12374688684940338,0.16948960721492767,0.10017793625593185,0.09685339033603668,0.08295567333698273,0.020632848143577576,0.22150148451328278,-0.023868096992373466,0.17906667292118073,0.1667841523885727,-0.005786015652120113,-0.11372289806604385,-0.38185015320777893,-0.32077905535697937,0.3406614363193512,-0.35405904054641724,0.04345028102397919,0.13331855833530426,0.12500673532485962,-0.4017634689807892,-0.00698779197409749,-0.020084094256162643,-0.03041175566613674,-0.25286754965782166,-0.23119327425956726,-0.12805873155593872,-0.030103061348199844,0.13796640932559967,-0.034272484481334686,-0.30160340666770935,-0.27634578943252563,-0.018333597108721733,-0.5873070359230042,-0.23073060810565948,-0.030208805575966835,-0.12466267496347427,0.02382480911910534,0.1581834852695465,0.02622765116393566,0.21135708689689636,-0.15156348049640656,0.08971083164215088,0.19641539454460144,-0.09285596758127213,-0.0798058956861496,0.04995995759963989,0.06958243995904922,-0.2499188631772995,0.031669989228248596,0.07857249677181244,0.05922114476561546,-0.23893886804580688,-0.09472149610519409,-0.49840256571769714
ฝ,0.2502749264240265,-0.13857927918434143,0.20232319831848145,-0.07726291567087173,-0.045506302267313004,0.1283092051744461,-0.1412670761346817,0.08054321259260178,-0.33283883333206177,-0.18490363657474518,0.13537102937698364,-0.2452172040939331,-0.012574774213135242,0.39294710755348206,0.13727280497550964,-0.4298747479915619,0.08016230165958405,-0.058211252093315125,0.22669458389282227,-0.33952224254608154,0.3513437807559967,0.2120286524295807,0.12416360527276993,0.11307179927825928,-0.18183478713035583,0.17006628215312958,0.44134393334388733,0.21690824627876282,0.031179288402199745,0.3164242208003998,-0.4091668426990509,0.16276966035366058,-0.08816507458686829,0.052679143846035004,-0.12314675748348236,0.15050354599952698,0.0002730169508140534,-0.06104748696088791,0.14122529327869415,-0.035342901945114136,0.03812098875641823,0.44329890608787537,-0.08186370879411697,0.06869585812091827,-0.16960035264492035,0.4874834418296814,0.20272430777549744,0.019886337220668793,0.04602328687906265,0.3335586190223694,-0.11939079314470291,-0.0066803391091525555,-0.44006162881851196,-0.060486484318971634,-0.2398606538772583,-0.11950500309467316,-0.19952626526355743,0.15728305280208588,0.3795153796672821,0.05755886435508728,-0.036060161888599396,0.13398149609565735,0.08311126381158829,-0.15247243642807007,0.08526117354631424,0.3533206284046173,-0.07655787467956543,-0.11724033206701279
ฟ,0.17079481482505798,-0.32174572348594666,0.26318076252937317,0.527860164642334,0.23495763540267944,0.02927333116531372,0.07294006645679474,-0.151911661028862,0.15871648490428925,-0.10643954575061798,0.11378741264343262,0.37736859917640686,0.2425815612077713,0.02048392966389656,-0.1726505607366562,0.24604979157447815,0.34091755747795105,0.060547199100255966,-0.12183959037065506,0.28837937116622925,0.3534957766532898,-0.0469476617872715,-0.027516406029462814,0.17911605536937714,0.05646329000592232,-0.15420332551002502,0.07740475982427597,0.07504300773143768,0.1296597570180893,0.4230332374572754,-0.2534470856189728,0.1804349422454834,-0.33587032556533813,-0.08079507201910019,-0.37094151973724365,0.5130360722541809,-0.20914646983146667,0.07235250622034073,-0.06150458753108978,-0.01402029488235712,0.22544176876544952,-0.325884610414505,-0.21387524902820587,-0.04321620240807533,-0.3398410975933075,-0.04485125467181206,-0.02973255142569542,-0.31847453117370605,0.24647176265716553,-0.10283690690994263,-0.21803347766399384,-0.006259803660213947,-0.10197601467370987,-0.3762112855911255,-0.12229102104902267,0.13369451463222504,-0.20280033349990845,0.2512756884098053,-0.008060731925070286,0.10482047498226166,-0.2419530749320984,-0.14902609586715698,-0.09721846133470535,-0.29843682050704956,-0.03342214599251747,0.18561211228370667,-0.10983254760503769,0.03958217427134514
ห,0.007170462980866432,0.08072390407323837,0.351620614528656,-0.36702266335487366,-0.2369593381881714,0.2504127323627472,-0.29170799255371094,-0.3185504972934723,0.1475306898355484,0.477562814950943,0.2283419966697693,0.10800327360630035,0.11520408093929291,0.13130983710289001,0.17179252207279205,0.09176832437515259,0.12330310046672821,-0.15552720427513123,-0.00999270286411047,-0.12046454846858978,0.3070901334285736,0.2291272133588791,0.21069957315921783,-0.11247909069061279,0.05977664142847061,0.19047540426254272,-0.14313900470733643,0.18474529683589935,0.0585479810833931,0.4366009831428528,0.0012064013862982392,0.013732094317674637,-0.20539312064647675,-0.04314813017845154,-0.028905794024467468,0.3946019411087036,0.13167214393615723,-0.2069149613380432,0.0818573385477066,0.19740904867649078,-0.14486761391162872,-0.041220393031835556,0.06720556318759918,0.03294944390654564,-0.03520854189991951,-0.03558257594704628,-0.47009900212287903,0.3106687366962433,-0.09489360451698303,0.31233295798301697,0.24056775867938995,-0.30332517623901367,0.03704485669732094,0.029764773324131966,0.32095932960510254,-0.26541486382484436,-0.0576285757124424,0.24287746846675873,-0.28945016860961914,-0.3615182638168335,-0.40000826120376587,0.05702515318989754,-0.11187321692705154,-0.06376253068447113,-0.017238693311810493,-0.1611161231994629,-0.16874298453330994,-0.037439242005348206
ฮ,0.14733943343162537,-0.024790551513433456,-0.06191355362534523,0.5232163667678833,0.1333663910627365,-0.1459464579820633,0.1404905915260315,0.17400529980659485,0.16431841254234314,0.17236481606960297,-0.1506999284029007,-0.08515099436044693,0.4054504334926605,-0.009029710665345192,0.11978171765804291,0.15621152520179749,0.026823118329048157,-0.4539923071861267,0.006417629774659872,0.1042245402932167,-0.20322224497795105,-0.5283575654029846,0.28120487928390503,-0.18233101069927216,0.07468082755804062,-0.11908826977014542,-0.3325866460800171,0.23342062532901764,-0.003945074509829283,-0.10704536736011505,-0.20417693257331848,0.007738200481981039,0.2570832073688507,-0.23157499730587006,0.5622053146362305,-0.18770714104175568,0.08122755587100983,-0.06406383961439133,-0.17733821272850037,0.1827489584684372,-0.30458056926727295,-0.30446621775627136,0.0609409436583519,0.21928024291992188,-0.3237656354904175,-0.05150575563311577,-0.10155777633190155,-0.12407376617193222,-0.2669609785079956,0.21434174478054047,-0.04494277760386467,0.14811575412750244,-0.1699044406414032,0.26331397891044617,-0.014378629624843597,0.1703011840581894,-0.09670821577310562,0.19451020658016205,-0.005205369554460049,0.37826699018478394,0.15873722732067108,-0.04961317405104637,-0.01575935073196888,-0.06286722421646118,0.11152810603380203,-0.004919149912893772,0.13906358182430267,0.1735818088054657
ญ,-0.0002101550344377756,0.2341267317533493,-0.09758228063583374,-0.12542656064033508,0.2832610011100769,0.3242838382720947,0.09161653369665146,0.07715961337089539,-0.2757122814655304,0.268415629863739,-0.027139795944094658,-0.1298781931400299,0.019353635609149933,0.27897909283638,0.13747423887252808,-0.4317125380039215,0.26132771372795105,-0.28964751958847046,-0.4373273551464081,-0.15494322776794434,-0.2913368046283722,0.1879928857088089,0.05801190063357353,0.32134541869163513,0.11531386524438858,-0.3158365488052368,-0.02657129056751728,0.1118118017911911,-0.14610536396503448,-0.00912056490778923,0.2710236608982086,0.02615782804787159,0.10107894986867905,0.31389322876930237,0.11898133903741837,0.0542462132871151,0.06209905445575714,-0.3048774302005768,0.0920538678765297,0.032458335161209106,-0.21701179444789886,-0.09369009733200073,-0.4065667390823364,0.5038768649101257,0.18259462714195251,0.3020930588245392,0.46325480937957764,-0.36683210730552673,-0.10280958563089371,-0.06585602462291718,0.10928371548652649,0.04294371232390404,0.060171134769916534,0.15747705101966858,0.3521757125854492,-0.16859377920627594,0.05206669494509697,-0.1350952684879303,-0.039845503866672516,0.03658796474337578,0.1623467057943344,0.05460859462618828,0.16554269194602966,-0.1695554256439209,0.0800916850566864,0.3902796804904938,0.04883677139878273,0.06942138075828552
ย,0.15992207825183868,-0.24827469885349274,-0.29827144742012024,0.13505637645721436,-0.014020094648003578,0.2293543815612793,-0.22728589177131653,0.07571123540401459,-0.3453102707862854,0.10376899689435959,0.15372857451438904,-0.06400585919618607,0.16296252608299255,0.0779455229640007,-0.1297389715909958,0.054211828857660294,-0.07770790904760361,-0.156887486577034,0.2797197997570038,0.11750765144824982,-0.17698006331920624,0.10780639946460724,0.0689629390835762,-0.11551907658576965,0.1644536554813385,-0.10580527782440186,-0.49390941858291626,0.2552359402179718,0.1588609665632248,-0.1621859222650528,-0.09732935577630997,0.22590401768684387,-0.12921075522899628,-0.3480701744556427,-0.5295912623405457,0.2850764989852905,-0.14262785017490387,-0.20716314017772675,0.36375853419303894,0.21044832468032837,0.07734767347574234,-0.07920195162296295,-0.19785378873348236,-0.21032528579235077,0.0022043362259864807,-0.20835675299167633,-0.3241499066352844,-0.2949283719062805,0.24487195909023285,-0.12309857457876205,-0.22954882681369781,-0.24903398752212524,-0.39533889293670654,0.15059877932071686,0.08231338113546371,-0.010357196442782879,-0.07810947299003601,0.015222741290926933,0.032754406332969666,0.17039205133914948,-0.08673574775457382,0.022572292014956474,0.2977088987827301,0.24287301301956177,0.22803594172000885,0.24015039205551147,0.42011454701423645,0.040840983390808105
ว,-0.024759210646152496,-0.02317306399345398,0.15913014113903046,0.4692936837673187,-0.10899367928504944,0.20246003568172455,-0.05068943277001381,-0.2504979372024536,-0.18970279395580292,-0.19798880815505981,-0.4680858850479126,0.23881302773952484,-0.2628670036792755,0.29905831813812256,-0.07736039161682129,-0.37682101130485535,0.0722341239452362,-0.12268766015768051,0.1621142029762268,-0.21928898990154266,-0.18907572329044342,-0.22110342979431152,-0.026063507422804832,-0.40582168102264404,0.5187594890594482,0.06865896284580231,0.18859469890594482,-0.138535276055336,-0.0569094754755497,-0.12998460233211517,0.104141965508461,0.029188133776187897,-0.07293842732906342,0.49709996581077576,0.16842159628868103,0.06267387419939041,-0.050234604626894,0.0885687917470932,0.03026818297803402,-0.012591294944286346,0.2500340938568115,-0.10894657671451569,-0.09491550922393799,0.11069376766681671,-0.03028910607099533,0.2002609521150589,0.20245422422885895,-0.5292063355445862,-0.05119334161281586,0.27866822481155396,0.07106953114271164,-0.11138327419757843,0.11554910242557526,0.019074978306889534,-0.2162226289510727,-0.2622932493686676,-0.16161569952964783,0.19681429862976074,-0.16743026673793793,0.36255449056625366,0.13946519792079926,-0.049653951078653336,-0.2171189934015274,0.03446616977453232,-0.059528227895498276,0.28478842973709106,0.11896481364965439,0.06262332201004028
ล,0.4671669602394104,0.2239297777414322,0.3845081031322479,0.1847698837518692,-0.020599450916051865,0.17422953248023987,0.10824266076087952,0.17686940729618073,0.011908094398677349,-0.21317251026630402,0.0621219240128994,-0.0382515974342823,-0.24398988485336304,0.04314223676919937,0.1975986212491989,-0.3760783076286316,-0.17933326959609985,-0.07125963270664215,-0.02745988219976425,-0.009373962879180908,-0.26508644223213196,-0.07994437962770462,-0.15837959945201874,0.10851599276065826,0.21242357790470123,0.06295084953308105,0.08390568196773529,-0.24764060974121094,-0.2829841673374176,0.08097826689481735,-0.3020991086959839,-0.12111257016658783,-0.18082255125045776,-0.04210513457655907,0.3624493479728699,-0.2388751208782196,-0.2584116756916046,-0.15591518580913544,-0.2535766065120697,0.11098145693540573,-0.0026668747887015343,-0.12611471116542816,-0.06554913520812988,-0.2850019633769989,-0.23170651495456696,-0.25221264362335205,-0.04285068064928055,0.252783864736557,-0.6383635997772217,0.2497435361146927,0.09786517173051834,0.05727921798825264,0.3671282231807709,-0.26983848214149475,0.22213152050971985,0.17095622420310974,0.014989054761826992,-0.0522068589925766,-0.1433361917734146,0.23111151158809662,-0.01865413226187229,-0.14798127114772797,-0.18752606213092804,0.24085485935211182,0.37665626406669617,-0.19946326315402985,-0.3407754600048065,-0.06041878089308739
ฬ,0.16991110146045685,0.07053575664758682,0.19032102823257446,0.07542677968740463,0.10193406790494919,0.07116354256868362,0.100892573595047,0.17860014736652374,0.18740853667259216,-0.11396059393882751,0.12567467987537384,-0.03421279415488243,-0.08416229486465454,0.12894880771636963,-0.22496286034584045,0.06804174929857254,-0.004327249713242054,-0.23495909571647644,-0.37865889072418213,-0.16331717371940613,-0.06471092253923416,-0.16171205043792725,-0.01779848150908947,0.11195032298564911,-0.3285259008407593,0.08175801485776901,-0.2902483642101288,0.1895870864391327,-0.09291025996208191,0.09370718151330948,0.2338239699602127,-0.6176221966743469,-0.1747213751077652,-0.2961461842060089,0.09162744879722595,0.10919715464115143,-0.257926344871521,0.04695090651512146,-0.34794044494628906,0.3177846372127533,-0.11461052298545837,-0.13240177929401398,0.007755782920867205,-0.310202956199646,-0.4021766185760498,0.05059626325964928,-0.09053651243448257,0.21832561492919922,-0.10436134785413742,0.453692227602005,-0.0437563955783844,0.1602322906255722,-0.3658376634120941,0.1601525992155075,0.19869698584079742,0.30681291222572327,-0.011268854141235352,-0.052140191197395325,-0.1894417256116867,-0.3448311388492584,0.2873556315898895,-0.2590496838092804,0.27983561158180237,0.15464673936367035,0.49820393323898315,-0.18003907799720764,0.0631207823753357,-0.3108581602573395
ฦ,-0.20310650765895844,0.06053110212087631,-0.273258775472641,0.2133169174194336,0.1676432341337204,0.11156455427408218,0.20464763045310974,-0.15108971297740936,-0.05794866383075714,0.020205628126859665,0.06287308037281036,-0.12852485477924347,-0.01745300181210041,-0.3398403823375702,-0.1016903892159462,0.14410533010959625,0.018676219508051872,-0.029261836782097816,-0.2797282934188843,-0.04896515980362892,-0.27125799655914307,0.26015371084213257,-0.21900023519992828,-0.09826131165027618,0.21802690625190735,0.0030749805737286806,0.10492308437824249,-0.05123431235551834,0.23956827819347382,-0.319999098777771,-0.28166159987449646,0.2223629504442215,-0.031662508845329285,0.4345264732837677,0.34290578961372375,-0.30593231320381165,0.15685413777828217,-0.3891065716743469,0.07525107264518738,-0.39704903960227966,0.2689819633960724,0.03005550242960453,0.40983080863952637,0.08718227595090866,-0.19694039225578308,-0.22965949773788452,0.08493412286043167,0.3318081200122833,-0.44294723868370056,0.17685256898403168,-0.09358864277601242,0.138676255941391,0.03938444331288338,-0.13280175626277924,-0.2994544208049774,0.2509422302246094,-0.0028625407721847296,-0.16828808188438416,0.21479949355125427,0.12571994960308075,0.16447089612483978,-0.4186866879463196,0.12370403856039047,0.10370058566331863,0.18688161671161652,-0.5246801972389221,0.11648185551166534,-0.09867435693740845
ิ,-0.23732943832874298,-0.18408840894699097,0.009328179992735386,-0.17117270827293396,-0.03213327005505562,0.0967864915728569,-0.13275794684886932,-0.6505633592605591,0.41993963718414307,0.22153162956237793,-0.22314921021461487,-0.188849076628685,-0.12132511287927628,0.10040682554244995,0.07729865610599518,-0.10326290875673294,0.4540749192237854,-0.12547661364078522,0.3165358603000641,0.10541079938411713,0.21119748055934906,-0.010554835200309753,-0.15170429646968842,0.08078213781118393,0.06678571552038193,0.08611200749874115,0.1730327308177948,0.050752170383930206,0.0030511151999235153,-0.2841649055480957,0.16565687954425812,0.1318652629852295,0.32993975281715393,-0.013548891991376877,0.20793010294437408,-0.24698956310749054,0.1196461170911789,-0.10438412427902222,-0.023887548595666885,0.21313105523586273,-0.2499953806400299,0.2928225100040436,-0.08219588547945023,-0.054355133324861526,-0.5676440596580505,-0.03367696329951286,-0.049413084983825684,0.07600974291563034,-0.19137558341026306,0.3719927966594696,-0.13026045262813568,0.0166385006159544,0.23708677291870117,0.28294992446899414,0.22928008437156677,0.11464371532201767,-0.24347184598445892,-0.0841890498995781,-0.07376296818256378,0.041108161211013794,-0.1381489336490631,-0.1731935441493988,0.10964144021272659,0.20463983714580536,0.6343417167663574,0.31447187066078186,-0.29340991377830505,0.09689163416624069
ี,-0.29548126459121704,0.08614537119865417,-0.23933371901512146,-0.12689603865146637,-0.008897186256945133,-0.22803735733032227,0.19389398396015167,-0.16621598601341248,0.004024141002446413,0.08832617849111557,-0.11797819286584854,0.1707528531551361,0.20606760680675507,0.17913873493671417,0.10909106582403183,0.0944577232003212,0.16324831545352936,0.45549726486206055,-0.1931113451719284,0.22216692566871643,0.2647499740123749,0.06478254497051239,-0.2077893614768982,-0.4675111770629883,0.13810904324054718,-0.23863133788108826,-0.17619892954826355,0.005083971191197634,-0.12508201599121094,-0.19356733560562134,-0.23298753798007965,-0.32653260231018066,-0.14172792434692383,0.3413439691066742,-0.09508484601974487,0.2073173224925995,-0.20007778704166412,0.02537700906395912,0.037722859531641006,-0.3750189244747162,-0.05215158686041832,-0.08150036633014679,0.03275177255272865,-0.17593896389007568,-0.30132901668548584,0.3142159879207611,-0.015252511017024517,-0.10143433511257172,-0.16169443726539612,-0.02813582308590412,0.14554652571678162,-0.008652796968817711,0.1605926752090454,0.16725634038448334,0.28761404752731323,0.19722963869571686,-0.2793097496032715,-0.11204424500465393,0.222284734249115,-0.5990850925445557,-0.3253953158855438,0.2677168846130371,0.27260205149650574,-0.1414213925600052,-0.29654639959335327,0.1614663153886795,-0.5046808123588562,0.15381863713264465
ึ,0.5396147966384888,-0.059109993278980255,-0.17715075612068176,0.2012290060520172,0.21243168413639069,0.25701621174812317,0.4387655556201935,0.49475404620170593,0.35470402240753174,0.2111404836177826,-0.1666758507490158,-0.041037268936634064,-0.17967769503593445,0.048546694219112396,-0.1989402025938034,0.1129504069685936,-0.29105234146118164,-0.17874670028686523,-0.027302535250782967,0.10986229032278061,0.5939940214157104,-0.1417991816997528,0.0514070950448513,-0.004793411120772362,-0.11481853574514389,-0.1691710352897644,0.03285093978047371,0.15536057949066162,0.1759718805551529,0.3386680483818054,-0.335306316614151,-0.19329987466335297,-0.10251494497060776,-0.24733485281467438,0.5756772756576538,0.16988523304462433,-0.13923552632331848,-0.04774926230311394,0.19224123656749725,-0.18623563647270203,-0.16554045677185059,0.12119223177433014,-0.3734121024608612,0.22347548604011536,-0.2904234528541565,-0.07457762956619263,0.026276012882590294,-0.046412672847509384,0.13293404877185822,0.1957499086856842,0.29932349920272827,-0.17576047778129578,-0.3210958242416382,-0.24209611117839813,0.03619937226176262,-0.05973222479224205,-0.06634348630905151,0.01629887893795967,-0.10903199017047882,0.272324800491333,-0.10202737152576447,0.3225114643573761,0.0932748094201088,0.32651346921920776,0.027937471866607666,-0.2349889725446701,0.247902050614357,0.15896563231945038
ื,0.19666247069835663,0.222680926322937,-0.19071225821971893,-0.04783081263303757,-0.025888919830322266,0.029827779158949852,-0.22414110600948334,0.3207079768180847,0.06342379748821259,-0.2393886148929596,-0.2592301666736603,-0.11919637769460678,0.16406139731407166,0.07219364494085312,0.16908054053783417,-0.11156997084617615,0.1705552041530609,0.5208679437637329,0.0515500083565712,-0.06321265548467636,0.06058437004685402,-0.07141345739364624,-0.25288984179496765,-0.1372290998697281,-0.3704318106174469,-0.00021676154574379325,-0.0047210874035954475,0.07967740297317505,-0.4943116307258606,0.17874623835086823,0.15593773126602173,0.29349344968795776,0.04132048040628433,0.02915828861296177,-0.03798092529177666,-0.1045682355761528,-0.1683332622051239,0.09478013962507248,0.19854576885700226,0.5061731338500977,0.17625561356544495,0.3408108353614807,-0.45842957496643066,-0.35256218910217285,0.07318346947431564,-0.3712298274040222,0.06593887507915497,0.3140590190887451,0.45734113454818726,0.2352994680404663,-0.20019109547138214,-0.06731082499027252,0.4835992753505707,-0.20863988995552063,0.6050933599472046,-0.09161496162414551,-0.22241389751434326,-0.1965988129377365,0.09459871798753738,-0.06554322689771652,0.16277794539928436,-0.03931175917387009,0.05455142632126808,0.25574591755867004,0.11691403388977051,-0.06241470202803612,0.0018673186423256993,0.41434547305107117
ๅ,-0.09716181457042694,0.018187500536441803,0.19805900752544403,0.5170565843582153,-0.01796821504831314,-0.12041911482810974,0.06824445724487305,-0.3354628384113312,-0.056433867663145065,0.30266517400741577,-0.12757183611392975,0.11823800206184387,0.14043284952640533,0.5505133867263794,0.09305452555418015,-0.19555805623531342,0.2187221646308899,0.27507635951042175,-0.040596213191747665,-0.26888713240623474,0.29386118054389954,-0.09639847278594971,0.02740052156150341,-0.40402889251708984,0.10279130935668945,0.05167479068040848,0.20687249302864075,-0.10392900556325912,-0.23855966329574585,0.38361379504203796,-0.5638101100921631,0.030742207542061806,0.19348618388175964,0.30768972635269165,0.07353825867176056,-0.07865095138549805,-0.18080872297286987,0.012835947796702385,0.3837336599826813,0.06286806613206863,0.10531128942966461,0.2673822343349457,-0.1947050243616104,-0.19303011894226074,0.10822613537311554,0.0706782341003418,-0.49434787034988403,-0.3151814341545105,-0.06070004403591156,-0.05102580040693283,0.31455323100090027,0.26525238156318665,0.09274252504110336,-0.24063517153263092,-0.3742239475250244,-0.22569860517978668,0.1635831743478775,0.1925911158323288,-0.3076635003089905,0.0468648225069046,-0.2232832908630371,0.04022582620382309,0.0029682591557502747,-0.12408190220594406,0.4520769417285919,-0.026127304881811142,0.09469027072191238,0.307684987783432
ุ,0.1214345246553421,0.16910482943058014,-0.24813298881053925,-0.26658737659454346,0.00983709841966629,0.2789205312728882,-0.08484500646591187,0.1586986482143402,0.5754905343055725,0.6153716444969177,-0.0625469908118248,0.11270801723003387,-0.2852902114391327,-0.17700643837451935,0.2704237699508667,0.03295062854886055,0.17326407134532928,-0.4154265522956848,0.1954261064529419,0.10779321193695068,0.3408607244491577,-0.13260391354560852,-0.5096092820167542,-0.03358081728219986,0.14406687021255493,-0.24965237081050873,0.06061448156833649,-0.41504132747650146,-0.04963716119527817,0.2589418292045593,0.0849229171872139,-0.10014567524194717,0.1544749140739441,0.11288908869028091,0.2045336365699768,0.2787056863307953,0.16842910647392273,-0.2914476990699768,0.06245359033346176,0.02229267545044422,0.12835322320461273,0.1869780421257019,0.18243545293807983,-0.004312743898481131,0.013049009256064892,-0.163236603140831,-0.2292221188545227,0.111920066177845,-0.14286372065544128,-0.0821043848991394,0.12798242270946503,-0.14070285856723785,0.21131473779678345,-0.06825317442417145,0.3482440114021301,-0.4057310223579407,0.15957865118980408,0.33681586384773254,-0.3882523477077484,0.20893701910972595,0.1196434423327446,0.1487368792295456,-0.3976907432079315,0.2090548574924469,-0.0678987205028534,0.1417747139930725,-0.05884437635540962,-0.07030224055051804
ู,-0.0995374321937561,0.13696561753749847,-0.07109308242797852,0.002876812592148781,0.05993708595633507,0.2248872071504593,0.13786353170871735,-0.058371029794216156,-0.30020973086357117,0.08271284401416779,-0.18201908469200134,0.47229471802711487,0.12801483273506165,-0.15938766300678253,-0.031565308570861816,0.15872885286808014,0.21054993569850922,-0.23048005998134613,-0.2941402196884155,0.08950278162956238,-0.05913766473531723,-0.23249560594558716,0.08372664451599121,0.09787237644195557,-0.14617472887039185,-0.24482135474681854,-0.531337320804596,0.1838301718235016,0.045294422656297684,0.08100584894418716,0.1252443492412567,-0.037312090396881104,-0.2526523470878601,0.06930184364318848,0.12813027203083038,-0.3684036433696747,0.5092028975486755,-0.01234695129096508,0.4889877438545227,-0.024969592690467834,-0.3875232934951782,-0.025943037122488022,0.2936881184577942,0.5890334844589233,0.08710482716560364,0.056507408618927,0.22892482578754425,0.07131393253803253,-0.47607332468032837,-0.19523487985134125,0.08844791352748871,-0.26210859417915344,-0.05776110664010048,0.20064809918403625,-0.04709303379058838,0.4084617793560028,-0.20297648012638092,-0.4326549470424652,0.02178538218140602,0.23371532559394836,-0.2257872372865677,0.21549701690673828,-0.06989815831184387,-0.2362721711397171,0.3495141267776489,-0.2277788370847702,0.14366795122623444,-0.06075919419527054
เ,-0.22588835656642914,-0.15897877514362335,0.12424210458993912,-0.26695165038108826,0.01711878925561905,0.0018719588406383991,0.19841818511486053,0.0028546766843646765,-0.18433800339698792,-0.17587733268737793,0.07476357370615005,-0.08852648735046387,-0.24989734590053558,-0.10015518218278885,-0.07970160990953445,-0.11940914392471313,0.16750846803188324,0.10459280759096146,-0.2624417841434479,-0.4888601303100586,0.47942054271698,0.1429111659526825,0.3479270935058594,0.05906883254647255,-0.03584162890911102,0.09658470749855042,0.06874728947877884,-0.31266194581985474,0.06018584594130516,0.024799861013889313,0.37611472606658936,0.21191002428531647,0.47777384519577026,-0.057033438235521317,0.4335525333881378,-0.06988810747861862,0.19725653529167175,0.0457051657140255,-0.009650884196162224,-0.19773931801319122,0.4352513551712036,-0.02670448087155819,0.24730801582336426,0.07229719310998917,0.09735333174467087,0.24031279981136322,0.39753326773643494,-0.018127229064702988,-0.05269518867135048,0.402132123708725,-0.2827678918838501,-0.16074031591415405,-0.25724267959594727,0.0904422253370285,0.41378068923950195,0.3018456995487213,0.06780034303665161,-0.2861129939556122,-0.0804300457239151,-0.04746359586715698,-0.1546364575624466,-0.268893837928772,-0.07744850963354111,-0.25838273763656616,0.24720771610736847,-0.2551199197769165,-0.09367439895868301,0.45056483149528503
โ,-0.3599517345428467,0.2111656218767166,-0.3651658296585083,-0.39867228269577026,-0.1677660495042801,-0.08572278171777725,-0.21229925751686096,-0.20567385852336884,-0.02669997699558735,0.034042730927467346,0.04559112340211868,-0.19588544964790344,0.05706756189465523,-0.06184815615415573,-0.44597503542900085,0.24070920050144196,-0.21645691990852356,0.024895479902625084,0.3091656267642975,0.22538504004478455,-0.28959161043167114,0.11730299890041351,0.14976082742214203,-0.18144813179969788,0.2909649610519409,0.012093530967831612,0.47686076164245605,-0.410212904214859,0.2051062136888504,-0.07581596821546555,-0.12828823924064636,-0.3246731460094452,-0.019874345511198044,0.4215181767940521,0.2533506453037262,0.10259705036878586,-0.1253690868616104,-0.40442097187042236,0.11628659814596176,-0.2903114855289459,0.09624728560447693,-0.2811999022960663,-0.1510765105485916,0.22417892515659332,-0.014496702700853348,0.010582434944808483,-0.11265113949775696,0.008848140947520733,0.45023205876350403,-0.059068672358989716,0.0695243626832962,-0.06779579818248749,0.1061328873038292,0.19639818370342255,-0.010501655749976635,0.016610348597168922,0.06115802004933357,-0.1146605908870697,0.4779045879840851,0.5438507795333862,-0.1475214660167694,0.042753249406814575,0.32442140579223633,-0.13497810065746307,-0.08320137113332748,-0.39698880910873413,-0.31908491253852844,0.005371111445128918
แ,0.2169487327337265,0.08113520592451096,0.09005357325077057,-0.12572239339351654,-0.17749013006687164,0.5751804113388062,0.04066428169608116,0.13604404032230377,0.17988260090351105,-0.4038180112838745,-0.18965087831020355,-0.4486389756202698,0.24054640531539917,0.13536691665649414,0.0933312326669693,-0.18960903584957123,0.24366752803325653,-0.22190789878368378,0.4193146824836731,0.0681956335902214,0.09201044589281082,-0.07061899453401566,-0.3176705241203308,0.019347021356225014,-0.3871919512748718,-0.18662966787815094,0.006948929745703936,-0.1226806640625,0.19998055696487427,-0.07280104607343674,0.07618348300457001,0.18878477811813354,0.003108356148004532,-0.421603798866272,0.15272225439548492,-0.2242089807987213,0.16638049483299255,0.5263571739196777,-0.009493797086179256,-0.18076924979686737,0.12244164943695068,-0.10961339622735977,-0.36654385924339294,0.007509573828428984,0.5454233884811401,-0.05373820289969444,0.009796484373509884,0.23135744035243988,0.2007393091917038,-0.05514299124479294,-0.21534205973148346,-0.3111282289028168,-0.292158305644989,-0.10305217653512955,-0.086063452064991,-0.3059789538383484,-0.21079972386360168,0.35366523265838623,-0.0698559582233429,-0.19578209519386292,0.10779567062854767,0.08826872706413269,0.035121168941259384,-0.07767287641763687,-0.09321918338537216,0.014453946612775326,0.1492895632982254,0.018623897805809975
ะ,-0.0557548888027668,-0.10040406137704849,-0.1975550800561905,0.1158142164349556,-0.08106085658073425,-0.023307954892516136,-0.5383325219154358,0.3656724989414215,-0.2285432666540146,-0.09651760011911392,0.3118200898170471,0.2697891592979431,-0.16216741502285004,0.035851143300533295,-0.2463100552558899,-0.15582014620304108,-0.5057602524757385,0.29096025228500366,-0.011293747462332249,0.12417013943195343,-0.22459834814071655,-0.2290545105934143,-0.39951080083847046,0.014649736694991589,-0.33437663316726685,0.07094445079565048,0.2806573510169983,0.1769055277109146,-0.20674605667591095,-0.09058727324008942,-0.43785539269447327,0.1494135707616806,-0.4269867539405823,-0.1294063776731491,0.2758828103542328,-0.13834255933761597,0.16358080506324768,0.34569552540779114,0.17848405241966248,0.09123394638299942,-0.2950522303581238,0.014029030688107014,0.10983338207006454,0.1543123871088028,-0.10793023556470871,-0.02406310848891735,-0.09219787269830704,-0.024730106815695763,-0.038709938526153564,-0.16090281307697296,0.2146867960691452,0.1347867250442505,-0.30945518612861633,0.4048013985157013,-0.2792280614376068,0.042914148420095444,0.47169357538223267,-0.10469270497560501,0.1666010618209839,-0.21117070317268372,0.04939630627632141,0.08069771528244019,0.02487379126250744,-0.13500048220157623,0.44239240884780884,0.22379671037197113,0.15155117213726044,-0.18584184348583221
ั,-0.0007403466734103858,4.635955338017084e-05,-0.26176559925079346,0.4825335741043091,0.16028276085853577,-0.23239178955554962,-0.47032108902931213,0.244104266166687,0.23115211725234985,-0.12749285995960236,-0.3347478210926056,-0.10697700828313828,-0.06408413499593735,0.08613809198141098,0.1126808226108551,-0.20779204368591309,0.07750727236270905,0.015257910825312138,0.18917086720466614,0.07017668336629868,0.037721745669841766,-0.2471061795949936,0.258322149515152,-0.2059275358915329,0.08658095449209213,0.32849276065826416,-0.4149630665779114,0.1728210598230362,0.1262882947921753,0.07153745740652084,-0.034637048840522766,0.2248132973909378,0.3331390917301178,-0.11435599625110626,-0.06483930349349976,0.18644528090953827,-0.08098649233579636,0.11337309330701828,-0.10137031972408295,-0.30108657479286194,-0.36618176102638245,0.11976645886898041,-0.11204809695482254,0.038203876465559006,0.1352558583021164,0.4484960436820984,0.30507954955101013,-0.1562355011701584,0.2047150880098343,-0.3000982105731964,-0.009747340343892574,0.036614179611206055,0.37189623713493347,0.027520528063178062,0.32543614506721497,0.04983515664935112,-0.15260951220989227,0.14124125242233276,0.4197132885456085,-0.06478191912174225,-0.24719120562076569,0.11950752139091492,-0.35757267475128174,-0.5865530371665955,0.18946868181228638,-0.14980114996433258,-0.027871424332261086,-0.06535987555980682
า,-0.25934502482414246,0.5560287833213806,0.2936410903930664,0.06953129172325134,0.12550081312656403,-0.16742828488349915,0.13492827117443085,0.19095048308372498,0.2815452814102173,0.0545363686978817,0.18512950837612152,0.43143022060394287,-0.0723818689584732,0.07601511478424072,-0.46262437105178833,0.25375884771347046,-0.19461001455783844,0.4452780485153198,0.2089313417673111,-0.20597052574157715,0.012689335271716118,0.25160688161849976,0.16087350249290466,0.12104126811027527,-0.24898017942905426,-0.0726904422044754,-0.0380142480134964,0.018861055374145508,-0.03362123668193817,-0.11973554641008377,-0.056091539561748505,-0.154894158244133,-0.23902802169322968,0.14420153200626373,-0.1590242087841034,-0.20873777568340302,-0.19717049598693848,-0.12344460189342499,0.09236757457256317,0.18632112443447113,-0.126087948679924,0.012376245111227036,-0.17762456834316254,0.3575747609138489,0.21426545083522797,-0.2039574384689331,-0.04431282356381416,0.49213260412216187,-0.16382616758346558,-0.45942017436027527,-0.04673611372709274,-0.08291333168745041,0.11402001976966858,0.46033915877342224,-0.10337618738412857,-0.058559682220220566,0.006978748366236687,-0.40040501952171326,-0.22073723375797272,0.1282949298620224,0.12678620219230652,0.25504109263420105,0.3272787630558014,-0.24496091902256012,0.2135152816772461,-0.11484507471323013,-0.38193440437316895,-0.25347191095352173
ำ,0.03052530251443386,-0.17362123727798462,0.08757200837135315,-0.11089028418064117,-0.15549618005752563,-0.11387231945991516,0.16507071256637573,-0.14523620903491974,0.021195901557803154,-0.11834803223609924,-0.562276303768158,-0.4989175796508789,-0.3141421377658844,0.020611273124814034,-0.17021729052066803,-0.17083434760570526,-0.36075088381767273,0.165095254778862,-0.09648210555315018,-0.03259152173995972,-0.4718398153781891,0.040294185280799866,0.15091180801391602,0.31025993824005127,0.24062536656856537,-0.21366964280605316,-0.07094985246658325,0.21969486773014069,-0.025776807218790054,0.44814905524253845,-0.23464693129062653,-0.3947781026363373,0.05811474844813347,0.31459933519363403,0.31619587540626526,-0.41902461647987366,0.05793672800064087,-0.0465642511844635,-0.17089636623859406,-0.12238995730876923,0.20766226947307587,0.24729107320308685,0.2946454584598541,0.19576498866081238,0.06373974680900574,-0.06534256041049957,-0.1692890226840973,-0.02850939705967903,0.21630701422691345,0.22224567830562592,-0.12597374618053436,-0.0652339830994606,0.28276327252388,-0.014878320507705212,-0.21650730073451996,0.24092158675193787,-0.09320513904094696,-0.19006222486495972,-0.0574551559984684,0.1490653157234192,-0.14737893640995026,0.19808417558670044,-0.13082580268383026,0.05631246417760849,0.14639663696289062,-0.1776757389307022,0.20360752940177917,0.29579392075538635
ใ,-0.13748715817928314,-0.348518431186676,-0.029772356152534485,0.022834014147520065,0.479637086391449,0.014088219963014126,0.08199552446603775,-0.39454638957977295,0.18474528193473816,0.5414926409721375,-0.2943914830684662,0.0594797246158123,-0.20367531478405,-0.2366902232170105,-0.18928350508213043,-0.028036676347255707,-0.00800306349992752,-0.2134314477443695,-0.02418447472155094,-0.26956865191459656,0.018022647127509117,0.16796524822711945,-0.06432505697011948,0.0956726223230362,-0.2730935215950012,0.08540883660316467,-0.0007896921597421169,0.06073431670665741,0.02139654941856861,-0.06988798081874847,-0.4187738001346588,-0.2135666459798813,0.021888379007577896,-0.23840248584747314,0.1790727823972702,-0.04765261337161064,0.2791019678115845,-0.2633618712425232,0.3624669313430786,-0.08818892389535904,-0.06772375851869583,-0.08941993117332458,0.31009548902511597,0.11053915321826935,-0.32966262102127075,-0.4617031216621399,0.17223413288593292,-0.08316907286643982,0.1958695352077484,0.3874879777431488,0.014578111469745636,-0.04933454841375351,0.23258672654628754,0.06386204808950424,0.08163468539714813,-0.3160315155982971,0.18753117322921753,0.35526618361473083,-0.20884059369564056,0.19363409280776978,0.1184116080403328,0.11114446818828583,0.05871758610010147,0.19771355390548706,-0.08126085251569748,-0.2057911604642868,0.2505032420158386,-0.08782977610826492
ไ,0.0564027801156044,-0.13688871264457703,0.3866468071937561,-0.17093117535114288,-0.02125697024166584,0.10028088092803955,-0.06748180091381073,-0.44708052277565,-0.09492647647857666,0.04438966512680054,-0.2557229697704315,-0.24125392735004425,0.27804335951805115,-0.4360843896865845,-0.07672891020774841,0.049777012318372726,0.10386679321527481,-0.1310150921344757,-0.27707651257514954,0.13746672868728638,-0.0889851525425911,0.049077581614255905,-0.4028457701206207,0.06208362802863121,-0.15723083913326263,0.2571692168712616,0.167741060256958,0.11762768030166626,0.15888811647891998,0.28949517011642456,0.1306757628917694,-0.2139420062303543,0.11361274123191833,-0.38448548316955566,0.055227939039468765,0.30923333764076233,0.2300575226545334,0.3304406702518463,0.07072284817695618,-0.4355565309524536,0.003712988458573818,0.13627155125141144,0.06855949014425278,-0.11883967369794846,-0.19743572175502777,-0.01038853544741869,0.4085483253002167,0.1104808822274208,-0.18530815839767456,0.16943997144699097,0.23510506749153137,-0.23336359858512878,-0.20634737610816956,0.1704082041978836,0.19835112988948822,0.2613085210323334,-0.055801086127758026,-0.017214905470609665,-0.19940073788166046,0.032298918813467026,-0.12027207762002945,-0.43553653359413147,-0.2295844703912735,0.04757963493466377,-0.11716561764478683,0.5319187641143799,0.34741348028182983,-0.18403629958629608
็,-0.032358791679143906,0.08746601641178131,0.167160764336586,-0.24771840870380402,-0.23371292650699615,-0.43584558367729187,-0.14096187055110931,-0.03751365840435028,-0.12188965827226639,-0.2765388786792755,-0.06199153512716293,0.26402056217193604,-0.23350977897644043,0.09625498205423355,-0.2566238343715668,0.06134666129946709,0.10594832897186279,-0.34234461188316345,-0.3317829370498657,-0.14163468778133392,0.05524783954024315,0.01760774478316307,0.22159384191036224,0.009126058779656887,0.20164190232753754,-0.2437446266412735,0.24268260598182678,0.4812159538269043,-0.1789313107728958,-0.3148448169231415,-0.11515336483716965,0.30435270071029663,-0.18645451962947845,-0.02376915141940117,-0.10398360341787338,0.12445446103811264,-0.28472238779067993,-0.4946914613246918,0.18682006001472473,0.05267343297600746,0.10242531448602676,0.14888501167297363,-0.03865639120340347,-0.02711818553507328,0.27837103605270386,0.27447381615638733,-0.3455905318260193,-0.1506650596857071,0.10052051395177841,0.003619253169745207,-0.26649364829063416,0.10974853485822678,-0.20324480533599854,0.30984610319137573,-0.1139340028166771,0.006454768590629101,-0.5405665040016174,0.06046542897820473,-0.23731136322021484,0.3054641783237457,-0.09367511421442032,-0.39010679721832275,0.35528451204299927,-0.10383771359920502,0.27398017048835754,-0.210804283618927,-0.17998845875263214,-0.24681800603866577
่,-0.1967959702014923,-0.4657091498374939,-0.27691635489463806,0.18106089532375336,-0.07388005405664444,-0.003336487803608179,-0.21358206868171692,-0.07848113775253296,0.03340613469481468,-0.08333791047334671,0.05168233439326286,-0.2724539637565613,0.1922987699508667,-0.0492001473903656,-0.0038030745927244425,-0.11244902014732361,0.271814227104187,-0.20891429483890533,-0.015108461491763592,-0.04948395490646362,-0.18741603195667267,-0.08637349307537079,0.29200872778892517,-0.4053572714328766,-0.2890179455280304,0.2945874035358429,-0.5785176157951355,-0.13603684306144714,-0.3013920187950134,0.5726735591888428,-0.0329974889755249,-0.2486240267753601,-0.13010647892951965,0.03316419571638107,-0.043470144271850586,0.19936631619930267,0.17526021599769592,0.010554450564086437,0.014255575835704803,0.35014474391937256,-0.06461348384618759,0.05292513966560364,-0.19797946512699127,-0.18226397037506104,0.10583463311195374,0.3584936559200287,-0.1668027639389038,-0.10651316493749619,-0.01807423122227192,-0.15338081121444702,-0.41671642661094666,-0.18865375220775604,0.04229254275560379,0.3370620310306549,-0.028820447623729706,-0.015264076180756092,-0.2231607586145401,0.3353380262851715,0.26880013942718506,0.09878221899271011,-0.22912728786468506,0.15685074031352997,-0.4007682204246521,-0.021055476740002632,-0.1820652335882187,0.03406081348657608,0.503998875617981,-0.10867506265640259
้,-0.30018675327301025,-0.3460856080055237,0.01484065130352974,-0.11787587404251099,0.2661476731300354,-0.07893224060535431,0.305228054523468,-0.3078966736793518,-0.020376015454530716,-0.2574809491634369,-0.072505883872509,0.10813649743795395,0.20910392701625824,0.06764543056488037,-0.3999807834625244,-0.1714596152305603,0.39725828170776367,-0.023978764191269875,-0.03186466544866562,-0.07900861650705338,-0.29766646027565,-0.25853511691093445,0.3726409375667572,-0.05696237087249756,0.20234189927577972,-0.3727445900440216,-0.11379818618297577,-0.017437638714909554,-0.22858963906764984,0.4399866461753845,-0.13397343456745148,0.09749705344438553,-0.08282399922609329,-0.04193415492773056,-0.1083478108048439,0.07458753883838654,-0.11613177508115768,-0.5397961139678955,-0.07147136330604553,-0.1773758828639984,-0.44644856452941895,-0.005628359504044056,0.011890935711562634,0.3001309931278229,0.10024715960025787,-0.15714909136295319,0.1542816311120987,-0.28927314281463623,0.12316406518220901,-0.29175564646720886,-0.22578027844429016,-0.2826562523841858,0.10741181671619415,0.03197880834341049,-0.38647791743278503,0.2038394957780838,0.23503859341144562,0.05580412968993187,0.28463998436927795,-0.038523487746715546,-0.027790986001491547,-0.030202437192201614,-0.031888946890830994,0.6049987077713013,-0.03468899056315422,0.11021547764539719,-0.2759077548980713,0.11508885771036148
๊,0.21907071769237518,-0.09384627640247345,0.08123631030321121,0.25765615701675415,-0.0019048356916755438,-0.21776093542575836,0.030336810275912285,0.056877851486206055,0.4988645315170288,-0.2736019790172577,-0.34905582666397095,0.020928289741277695,0.07236137241125107,0.42080679535865784,0.33192119002342224,-0.17237775027751923,0.3306640386581421,-0.0692000612616539,-0.1252308338880539,-0.22213925421237946,-0.013874662108719349,-0.04625868424773216,-0.30703139305114746,-0.4105099141597748,0.08071108907461166,0.0882868766784668,-0.3775400221347809,0.16273875534534454,-0.13679777085781097,-0.24815718829631805,-0.19411225616931915,0.4021918475627899,0.21797282993793488,0.015994735062122345,-0.09986799210309982,-0.32001811265945435,-0.371599406003952,0.2255767434835434,-0.08864036947488785,0.022564413025975227,0.10004518181085587,-0.11733900755643845,0.10656870156526566,0.2108721137046814,-0.3398416340351105,-0.17666785418987274,0.10167935490608215,0.0988229513168335,0.3069436252117157,-0.03204656392335892,0.2479744851589203,-0.536196231842041,0.14991825819015503,0.027481896802783012,-0.04760831594467163,-0.09588143974542618,0.07943327724933624,0.12140078097581863,0.13568583130836487,0.029726188629865646,-0.19885708391666412,-0.10047958046197891,0.3742455542087555,0.08196037262678146,-0.46481555700302124,-0.36573326587677,0.11460117995738983,-0.26371803879737854
๋,0.1509496122598648,-0.28735461831092834,0.05290643498301506,-0.11216551810503006,-0.08948080241680145,-0.04768012464046478,-0.02014199271798134,-0.08510106801986694,-0.07726437598466873,0.07635433971881866,0.1814374029636383,-0.4305167496204376,-0.10720015317201614,-0.3366697132587433,-0.028836533427238464,0.2565297484397888,0.33037039637565613,0.38855117559432983,0.017979895696043968,-0.08100303262472153,0.2484149932861328,0.19309362769126892,0.1703331619501114,-0.01881251111626625,0.22171659767627716,0.13627579808235168,0.030340520665049553,-0.31138789653778076,0.09264574944972992,-0.08513569831848145,-0.030360709875822067,0.21958951652050018,0.12842106819152832,-0.14989322423934937,-0.15205326676368713,0.6192700862884521,-0.42075884342193604,-0.058050308376550674,-0.4411831498146057,0.27242380380630493,-0.1418970823287964,0.04991717264056206,0.19935522973537445,-0.0320078507065773,0.25857728719711304,-0.0025836145505309105,-0.06222407892346382,0.17349806427955627,0.33759576082229614,-0.28178369998931885,0.10715325176715851,0.07904262840747833,-0.10190501064062119,-0.11760148406028748,-0.13413570821285248,0.5109594464302063,0.20174364745616913,0.013984359800815582,-0.06449458003044128,0.14444342255592346,-0.4360133111476898,-0.17225058376789093,-0.4395535886287689,0.3427695333957672,0.016882391646504402,0.3857874274253845,0.06190778687596321,-0.38014885783195496
์,-0.37612226605415344,0.24067306518554688,-0.17155109345912933,0.061126064509153366,0.07428641617298126,0.03450213000178337,0.4148175120353699,0.077450230717659,-0.31130364537239075,-0.1626928448677063,-0.07821911573410034,-0.09913994371891022,0.010249779559671879,0.013249224983155727,0.038730427622795105,-0.17588374018669128,-0.24902792274951935,-0.232193723320961,-0.1453746110200882,0.3017636239528656,-0.06861621141433716,-0.36164721846580505,-0.0551786907017231,-0.19201120734214783,-0.07632371783256531,0.16520674526691437,0.08265895396471024,-0.31703507900238037,-0.37018460035324097,0.40340113639831543,0.12551265954971313,-0.020206747576594353,0.21783962845802307,0.012799965217709541,-0.11250189691781998,-0.3130795955657959,0.0016403491608798504,0.386539101600647,0.04520272836089134,0.07462330907583237,-0.25718846917152405,0.5736504793167114,-0.16428576409816742,-0.3182494640350342,-0.18968303501605988,-0.47662270069122314,0.0669715404510498,0.09330512583255768,-0.03131676837801933,0.008100179955363274,0.11240889132022858,-0.010001747868955135,-0.5381451845169067,0.19948118925094604,-0.16253221035003662,0.1928989738225937,0.21965225040912628,0.368983656167984,-0.1026020348072052,-0.13845448195934296,0.1531321406364441,-0.3149601221084595,0.0022831386886537075,-0.3425616919994354,0.02087886445224285,-0.34949031472206116,0.5287882685661316,0.30846208333969116
