ม,0.017163418233394623,-0.17137055099010468,0.318625807762146,0.19269494712352753,0.1641787588596344,-0.16235019266605377,0.2647700607776642,-0.25297755002975464,-0.048464592546224594,0.01961834542453289,0.05891498923301697,0.20891371369361877,0.07549886405467987,0.06305000931024551,-0.2519758641719818,0.056321121752262115,-0.3780740201473236,-0.2473771572113037,0.450247198343277,0.11939916014671326,-0.09307113289833069,0.4213533103466034,0.14770187437534332,-0.12891146540641785,-0.04343842342495918,-0.050496526062488556,0.24815170466899872,0.08267799764871597,0.3536750078201294,0.0010307143675163388,0.3104669451713562,-0.2304898351430893,0.4372226893901825,0.21173322200775146,-0.3206515908241272,-0.4091806709766388,0.10260690003633499,0.23696473240852356,0.15048091113567352,0.3513505160808563,-0.11340972036123276,-0.08217454701662064,0.039832063019275665,-0.08251477777957916,0.36995166540145874,0.21282584965229034,-0.04140365496277809,-0.2953101694583893,-0.31327879428863525,0.07470395416021347,0.1626475602388382,0.04045170173048973,-0.12132178246974945,-0.06241368502378464,-0.17651993036270142,0.22354204952716827,-0.3194746971130371,-0.24747824668884277,0.055218253284692764,-0.09726187586784363,-0.019988717511296272,-0.06394442170858383,0.11064058542251587,-0.08395042270421982,-0.14186236262321472,-0.08431580662727356,0.3554672300815582,-0.17329302430152893
ณ,-0.06127554178237915,-0.06543788313865662,0.13315674662590027,0.10906293988227844,-0.01962750405073166,0.0746513083577156,0.2052200585603714,-0.10895247757434845,0.033887412399053574,-0.07765959203243256,0.0452413372695446,0.12596547603607178,-0.09870173037052155,0.07699614763259888,-0.054632093757390976,0.12204694747924805,0.02088145539164543,-0.16911917924880981,-0.015974899753928185,-0.05946781486272812,-0.15525920689105988,0.023366350680589676,-0.06351786851882935,-0.07762110978364944,-0.05507330596446991,0.10287127643823624,0.12560772895812988,-0.0462222695350647,0.2584231495857239,0.0050287870690226555,0.07340078055858612,-0.026669710874557495,0.2501090168952942,0.05974714085459709,-0.01635461486876011,-0.04415246844291687,8.028694719541818e-05,0.10041581839323044,0.16511204838752747,0.15734578669071198,0.08299117535352707,-0.013342087157070637,0.03693019971251488,0.09218620508909225,0.06570795178413391,0.14256267249584198,0.05880359560251236,-0.04243224486708641,-0.009952674619853497,0.1291508972644806,-0.012987010180950165,0.01582002080976963,0.087763711810112,0.054818082600831985,-0.1851990967988968,0.1461460441350937,-0.04556412622332573,-0.06749122589826584,0.09407098591327667,0.06938454508781433,0.12745516002178192,-0.0292867049574852,-0.042087700217962265,-0.06768420338630676,-0.011735641397535801,-0.08251400291919708,0.1944560557603836,-0.06262625008821487
น,0.015514622442424297,0.09943147748708725,0.10806910693645477,0.1032477393746376,0.03548533469438553,0.07375989109277725,0.15906301140785217,0.07530859857797623,0.07241077721118927,-0.04313872382044792,0.01724252663552761,-0.020784689113497734,0.10060352832078934,0.05345800518989563,-0.14271816611289978,0.05928504467010498,-0.06380826234817505,-0.11933363229036331,0.06933091580867767,0.010413537733256817,0.048183757811784744,0.16425301134586334,0.08930889517068863,0.06595003604888916,0.023101044818758965,0.08561710268259048,0.09919458627700806,-0.09048917889595032,0.17441047728061676,-0.023150114342570305,0.1654101312160492,-0.05247601866722107,-0.058255456387996674,-0.06565960496664047,-0.09439395368099213,-0.06463716924190521,0.09873001277446747,-0.08422284573316574,-0.05682380124926567,-0.023708347231149673,0.0713750571012497,0.02638268657028675,-0.01949123665690422,0.11768856644630432,-0.03287777304649353,0.030986662954092026,0.04129814729094505,-0.1301487386226654,-0.07651951164007187,-0.003501581959426403,0.07325854152441025,0.0418349988758564,-0.051036201417446136,-0.06477855890989304,0.07865767925977707,0.08918718248605728,-0.14461004734039307,0.006620282307267189,-0.048669058829545975,0.08913638442754745,-0.07968874275684357,0.026867341250181198,0.01602022908627987,-0.060347720980644226,-0.09627427160739899,-0.0719979926943779,0.03890213370323181,-0.09348129481077194
ง,0.07071899622678757,0.06900728493928909,-0.014229698106646538,0.06085607036948204,-0.03645588457584381,0.09977208077907562,-0.02115384303033352,-0.08064276725053787,0.07826551049947739,-0.05055736005306244,0.02790042757987976,0.06467516720294952,-0.13574357330799103,0.03782888129353523,0.00542198633775115,-0.09666414558887482,-0.01942313089966774,-0.035061389207839966,-0.07137632369995117,0.01317583117634058,-0.03460334613919258,0.017765067517757416,-0.01691284403204918,0.06246268004179001,-0.0822296291589737,0.0018365767318755388,0.11704263091087341,0.04320109635591507,0.06318513303995132,-0.1008831188082695,0.02809528261423111,-0.08733484894037247,0.08808799088001251,0.08227012306451797,0.07035747170448303,0.02170308493077755,0.1084669828414917,-0.0013768448261544108,0.11908691376447678,0.1196795105934143,0.11127191036939621,-0.10255127400159836,0.06685628741979599,0.06367015093564987,-0.008905904367566109,-0.06582596898078918,-0.04117219150066376,-0.06186037138104439,0.03032395988702774,0.10731712728738785,0.055992577224969864,-0.016862457618117332,-0.09114163368940353,-0.025055786594748497,0.010396146215498447,0.04864751920104027,0.008153646253049374,-0.08875983953475952,0.1247761994600296,-0.0686006098985672,-0.01243900042027235,0.016599852591753006,0.13874149322509766,-0.06258798390626907,-0.1391088366508484,-0.04463021829724312,0.01033676415681839,-0.004172190558165312
ผ,-0.07820580154657364,-0.13003084063529968,0.005325304809957743,0.05710797756910324,-0.04873385652899742,-0.00910126231610775,-0.07768300920724869,-0.1331285536289215,-0.018802998587489128,-0.12740901112556458,0.10946600884199142,-0.1247989758849144,-0.08030124008655548,0.10211127996444702,0.07507883012294769,0.1630968302488327,0.1428331881761551,0.08535192906856537,-0.011662310920655727,-0.07630252838134766,-0.1107029914855957,-0.07343953847885132,-0.020481880754232407,-0.12381449341773987,0.1566362828016281,-0.03843032941222191,0.012363958172500134,0.005954252555966377,0.08039817959070206,0.1763104349374771,-0.18729256093502045,0.03403983637690544,-0.03790495917201042,-0.143382266163826,-0.10684960335493088,-0.05568668991327286,0.025867069140076637,-0.08339041471481323,-0.12021128833293915,-0.17383542656898499,-0.005846336483955383,-0.00931842252612114,-0.12381026148796082,-0.21686670184135437,-0.15510356426239014,0.06938353180885315,0.07267200946807861,0.014282270334661007,-0.10873584449291229,0.17037412524223328,-0.026159711182117462,0.04049409180879593,-0.08842194825410843,0.022841721773147583,0.14547666907310486,-0.20606879889965057,-0.1495058834552765,0.09623246639966965,-0.022048551589250565,0.04889165237545967,-0.07357046008110046,-0.1739160269498825,-0.0025937824975699186,0.09544281661510468,0.024680644273757935,0.163618266582489,-0.18949565291404724,0.049638956785202026
พ,-0.06827662885189056,-0.005674994550645351,0.028245609253644943,-0.08999935537576675,-0.07906162738800049,0.05423056706786156,0.07014763355255127,0.006492146290838718,0.01719099096953869,-0.09267884492874146,0.005296424962580204,0.00430397130548954,-0.05188138037919998,0.006028837524354458,-0.05339612811803818,-0.042300112545490265,0.0074908374808728695,-0.11779540777206421,0.07264535874128342,0.08890707045793533,0.030810806900262833,0.11716797947883606,0.010356172919273376,-0.15725462138652802,-0.030046820640563965,-0.013352526351809502,-0.009893144480884075,0.026275793090462685,0.006440515164285898,-0.06779108196496964,0.09858144074678421,-0.0019573329482227564,0.10576649010181427,-0.1036658063530922,-0.1503067910671234,0.058040205389261246,-0.08476129174232483,0.09647428244352341,-0.0032754908315837383,-0.06825818121433258,-0.0087773771956563,-0.04037300497293472,-0.015778634697198868,-0.10032741725444794,-0.09049979597330093,0.17211920022964478,-0.12955966591835022,-0.1306118220090866,-0.11755504459142685,-0.03559569641947746,-0.031903836876153946,0.007966122590005398,-0.02415911667048931,0.02262020856142044,-0.05301222577691078,-0.06610327959060669,0.032722290605306625,-0.06175452843308449,-0.05308627337217331,-0.05985535681247711,-0.13827982544898987,0.006841882131993771,-0.13836851716041565,0.056253742426633835,0.01735641434788704,0.10251136869192123,-0.03343242034316063,0.10085587948560715
ภ,-0.06722994893789291,-0.10090266168117523,0.06546541303396225,0.020778072997927666,0.01715950295329094,-0.043212708085775375,-0.021674441173672676,0.08912976831197739,-0.046251166611909866,0.11207037419080734,0.11035143584012985,0.1119023934006691,-0.09969260543584824,-0.023014888167381287,0.03728184849023819,-0.09969073534011841,-0.08309705555438995,0.02338293194770813,0.09927208721637726,0.1148051768541336,0.034670427441596985,-0.023615488782525063,-0.02179262973368168,-0.04509437829256058,0.10716720670461655,-0.07367981225252151,0.028485214337706566,0.12364431470632553,-0.09277067333459854,0.1296623796224594,-0.0019385458435863256,0.10490749776363373,0.05494866147637367,0.0005335998139344156,0.09911724925041199,-0.122012197971344,-0.08143967390060425,0.07083389908075333,0.02514471299946308,-0.025006992742419243,0.11074187606573105,-0.005259727593511343,0.04503237456083298,-0.12300308048725128,-0.07343374192714691,-0.08826204389333725,0.08044898509979248,0.06388968229293823,-0.033204156905412674,0.06380049884319305,-0.00574561906978488,-0.03204968944191933,0.08781445771455765,0.0075167519971728325,-0.018361110240221024,-0.034713685512542725,-0.10415317863225937,0.030950304120779037,0.04658498242497444,-0.10278238356113434,-0.019001305103302002,0.01945379562675953,0.0006869419594295323,0.027445752173662186,0.021471407264471054,-0.014362981542944908,-0.053752604871988297,-0.04465855285525322
ป,0.12973076105117798,0.006204650271683931,0.11247499287128448,0.1641661375761032,-0.018966641277074814,-0.13325145840644836,0.03021731786429882,-0.027221882715821266,0.005315922200679779,0.1066393032670021,0.0003289553860668093,0.09457073360681534,-0.1330866813659668,0.04797269031405449,-0.020600786432623863,0.03131089359521866,-0.1764487624168396,0.09680283814668655,-0.015272611752152443,0.15628358721733093,-0.055779214948415756,-0.12086839973926544,-0.035991545766592026,0.11137226223945618,-0.00628089951351285,-0.02514135092496872,0.0551922470331192,-0.04065072536468506,-0.09162504971027374,0.07867863774299622,-0.07140473276376724,-0.030013231560587883,0.09874115139245987,-0.05562819913029671,-0.01106330193579197,0.06378728151321411,0.13447435200214386,-0.029417382553219795,-0.025492895394563675,0.056392014026641846,0.10797403007745743,-0.08280044794082642,0.03937969356775284,-0.12644673883914948,0.12890861928462982,-0.09289228916168213,-0.018355755135416985,-0.05103462561964989,-0.020401237532496452,-0.059822093695402145,-0.14130787551403046,0.07633026689291,0.08075259625911713,0.004738187417387962,-0.022843867540359497,-0.09356822818517685,0.1130499616265297,-0.14071613550186157,-0.07253485172986984,0.007924661040306091,0.1911178082227707,0.008030281402170658,0.016976622864603996,0.021420078352093697,0.02703559771180153,0.0012329303426668048,-0.03367780148983002,0.13580814003944397
บ,-0.07940325886011124,0.004902122542262077,-0.03350716084241867,-0.03368917852640152,-0.08389725536108017,0.05188929662108421,0.11431797593832016,0.021048283204436302,0.048721060156822205,0.013895207084715366,-0.11700606346130371,0.08281505852937698,-0.04854925349354744,-0.14377868175506592,0.05011220648884773,-0.021074680611491203,-0.07586266100406647,0.1386953443288803,0.0980425551533699,0.07529980689287186,-0.02587740868330002,0.021666785702109337,0.02208111807703972,-0.01772451214492321,-0.10867111384868622,-0.13600215315818787,-0.011698286049067974,0.10442309081554413,-0.06275957822799683,-0.07499947398900986,0.15696705877780914,-0.1465706080198288,-0.03624846786260605,0.03473617136478424,-0.09989815950393677,-0.030999822542071342,-0.1255340278148651,0.030784452334046364,-0.01862630993127823,-0.042141180485486984,-0.049878139048814774,-0.03941022604703903,0.059659212827682495,0.17348280549049377,0.16525545716285706,-0.17256151139736176,-0.09295684099197388,0.005392855498939753,0.08777830749750137,-0.0673770159482956,0.08205663412809372,0.0375010222196579,0.1503130942583084,-0.08656271547079086,-0.0012641586363315582,0.08589071035385132,-0.05510562285780907,-0.10665439814329147,0.03537800908088684,0.09603683650493622,-0.09073100239038467,0.18376871943473816,0.11640419811010361,-0.1144125759601593,0.032744400203228,0.004262224771082401,0.08306734263896942,0.0826553925871849
ฐ,-0.09012990444898605,-0.12490066140890121,-0.12058638036251068,0.0704149603843689,0.11872106045484543,-0.08433573693037033,-0.0419221855700016,-0.020564120262861252,0.09406375885009766,-0.14414262771606445,0.07991954684257507,0.020186474546790123,0.06048983335494995,0.1157030314207077,-0.0003042673342861235,-0.1056896448135376,0.27195778489112854,-0.0008306492818519473,-0.17304475605487823,-0.17025665938854218,-0.12800179421901703,-0.05090826377272606,-0.13771696388721466,0.019206557422876358,0.010150368325412273,-0.051711175590753555,0.12062712758779526,-0.016061557456851006,-0.022698070853948593,0.10655612498521805,-0.14329558610916138,-0.04749774560332298,0.14115652441978455,-0.09304080903530121,0.013923360034823418,-0.0062116459012031555,-0.021269159391522408,-0.0014030819293111563,0.13622167706489563,-0.09532125294208527,-0.06461604684591293,0.13840629160404205,0.048043906688690186,-0.01749574951827526,-0.02869328111410141,0.2066081166267395,-0.0566544309258461,0.02207300066947937,0.09324958920478821,0.22416625916957855,-0.021897369995713234,-0.10039132833480835,-0.19216357171535492,0.053949106484651566,0.10551008582115173,-0.16601702570915222,0.010907080955803394,0.06637324392795563,0.13281385600566864,0.09312529861927032,0.0199446938931942,-0.05997776612639427,-0.1493130922317505,-0.06182378903031349,0.05241664871573448,0.08074203133583069,-0.17855770885944366,-0.0378277413547039
ถ,0.016738157719373703,-0.026879874989390373,-0.04747893661260605,0.05370457097887993,0.12343063205480576,-0.054192230105400085,0.07082018256187439,-0.04388295114040375,-0.03671151027083397,-0.07543790340423584,0.07814043015241623,0.09617289155721664,0.08573553711175919,-0.09407204389572144,-0.0140534033998847,-0.10498638451099396,0.10149489343166351,-0.04950927197933197,-0.041385043412446976,0.008859780617058277,-0.08520429581403732,-0.004685761407017708,0.06544288992881775,-0.10373817384243011,0.026869630441069603,-0.039796069264411926,-0.06388378143310547,0.12406850606203079,0.12446775287389755,0.012045313604176044,0.08044691383838654,-0.016542373225092888,0.10859080404043198,0.007628096733242273,-0.0016966088442131877,-0.14322024583816528,0.06773021072149277,0.055946752429008484,0.04935378208756447,-0.014978118240833282,-0.014695987105369568,-0.0547407828271389,-0.02889891341328621,-0.012298918329179287,0.09965477138757706,0.017758017405867577,0.018187183886766434,0.07022156566381454,-0.09953191131353378,-0.09329481422901154,-0.10196718573570251,0.10897699743509293,-0.06662791967391968,0.0008616646518930793,-0.006747417151927948,0.04022730141878128,0.03360489010810852,-0.090370312333107,0.08926606923341751,-0.045863814651966095,-0.054354820400476456,-0.007730425801128149,-0.04565579071640968,0.11751558631658554,-0.04304889589548111,0.02757333219051361,-0.030977429822087288,0.09687037765979767
ฑ,0.0011340845376253128,-0.13646939396858215,0.06643476337194443,0.10502337664365768,-0.07893571257591248,-0.06965775042772293,-0.04374741017818451,0.008331489749252796,0.00036202927003614604,0.04689691960811615,0.10899165272712708,-0.08581001311540604,0.018616974353790283,0.03742041811347008,-0.01432319451123476,-0.0016244712751358747,-0.09221401810646057,0.03266773745417595,-0.05735597759485245,-0.09652987867593765,0.058303941041231155,0.02410235069692135,-0.10467259585857391,-0.09863181412220001,-0.08820824325084686,0.008103042840957642,-0.047989800572395325,-0.020173439756035805,0.0035631051287055016,-0.008326489478349686,0.004107340704649687,0.09024444222450256,-0.01208723895251751,0.06976620852947235,0.09898968786001205,0.03779571130871773,-0.0744759812951088,-0.047501347959041595,-0.029937010258436203,0.0694722831249237,0.11211725324392319,0.11038023978471756,0.018964044749736786,-0.051232896745204926,-0.1124902293086052,0.09745419770479202,0.08815720677375793,-0.09619948267936707,-0.040885183960199356,-0.05052974075078964,-0.05705731362104416,-0.05855307728052139,-0.07742463052272797,0.006872029975056648,0.03856033831834793,0.11006110906600952,-0.08725956827402115,-0.05651133134961128,-0.06392297893762589,-0.03206239640712738,0.004739719443023205,-0.09974220395088196,-0.04275849834084511,-0.05166458338499069,-0.03320873901247978,0.0838169977068901,0.08506418764591217,-0.056969255208969116
ฒ,0.11145123094320297,-0.09687957912683487,0.05920173227787018,-0.04174293950200081,-0.019170528277754784,0.002748344326391816,0.03786327317357063,0.06741752475500107,-0.04788493737578392,-0.022544918581843376,0.09652234613895416,0.10566823929548264,-0.0023671695962548256,0.038313914090394974,-0.0035603661090135574,0.04477877914905548,0.10175904631614685,-0.10062601417303085,-0.039481788873672485,0.10007310658693314,-0.04651225358247757,0.09209112823009491,-0.00046696976642124355,-0.08810760080814362,0.08087363094091415,0.020726483315229416,0.11317455768585205,-0.031139111146330833,-0.057852089405059814,0.0579468309879303,0.10415250062942505,-0.09417364746332169,-0.031229710206389427,0.07743623852729797,0.08040658384561539,0.06694373488426208,-0.025668498128652573,0.004788180813193321,-0.022923385724425316,-0.05566561967134476,0.0004926770925521851,-0.06885670125484467,-0.03837181627750397,0.09117121994495392,-0.06026506423950195,0.07851991802453995,-0.041981931775808334,0.09301739186048508,0.018499623984098434,0.026379067450761795,0.07631852477788925,0.0028577824123203754,0.04047198221087456,0.06062579154968262,-0.056351251900196075,0.017914721742272377,0.09173794090747833,-0.10784803330898285,0.026820221915841103,-0.05005737394094467,-0.09627284854650497,-0.06069152057170868,-0.0003645398246590048,-0.025522926822304726,-0.09375308454036713,-0.1142754927277565,-0.012483645230531693,-0.10604456067085266
ท,-0.010204864665865898,-0.009168285876512527,-0.013034041039645672,0.08865565061569214,0.06669959425926208,0.004814849700778723,0.037065714597702026,-0.02287963032722473,-0.011839902959764004,-0.048337843269109726,0.047036927193403244,-0.06015264615416527,-0.017224911600351334,0.014277410693466663,-0.0703977569937706,0.07839903235435486,0.11303447186946869,-0.060652390122413635,-0.10774398595094681,0.09290481358766556,0.0848773792386055,0.1266050934791565,-0.04058593884110451,-0.10710284113883972,0.053675342351198196,0.06485792249441147,-0.05331793799996376,0.05056871846318245,0.09795700758695602,-0.024041684344410896,0.037847474217414856,-0.11882609874010086,-0.11147575080394745,0.07039428502321243,-0.06864669919013977,0.09923405200242996,0.0871356725692749,0.04451797530055046,-0.06494548916816711,0.03296339511871338,-0.08190026134252548,0.07513110339641571,0.05884801596403122,0.013431273400783539,0.09770648181438446,-0.04375210031867027,-0.08907695859670639,-0.00063402607338503,-0.11486639827489853,-0.10092733055353165,0.03721774369478226,0.03827422857284546,-0.050679612904787064,-0.12021170556545258,-0.09700512140989304,-0.0005542845465242863,-0.07946495711803436,0.10881047695875168,0.11228593438863754,0.011517629027366638,-0.007358818780630827,-0.0784129649400711,0.07194110006093979,0.040849145501852036,-0.09795353561639786,-0.0643802136182785,-0.054839812219142914,0.0691138505935669
ธ,-0.021025700494647026,0.06011085957288742,0.025128625333309174,0.08297152072191238,0.09949153661727905,-0.007707448676228523,-0.07631950825452805,0.09961851686239243,-0.05877802520990372,-0.02940579317510128,-0.017867224290966988,0.03728629648685455,-0.07621293514966965,-0.07058119773864746,-0.029186846688389778,0.10974050313234329,-0.004274009261280298,-0.06762157380580902,0.08473702520132065,0.08683178573846817,-0.08526656776666641,-0.024216463789343834,-0.08407560735940933,-0.0310429148375988,-0.02243652381002903,0.0896226093173027,-0.025109464302659035,0.06990982592105865,-0.04023151472210884,-0.026987597346305847,0.04902426153421402,0.11125509440898895,-0.049601949751377106,0.10862462222576141,0.08806577324867249,0.08852708339691162,0.04626673460006714,-0.07128238677978516,-0.06498473137617111,-0.018317829817533493,0.0038746409118175507,-0.011332365684211254,0.10072706639766693,0.009934262372553349,0.09316235035657883,-0.04770988970994949,0.007108318619430065,0.08370348811149597,-0.08095855265855789,0.1223532110452652,-0.09716425091028214,0.038436248898506165,0.07629693299531937,0.01463982742279768,-0.07061450183391571,-0.08531239628791809,0.06494466215372086,0.03314623609185219,0.05395084619522095,-0.01861668936908245,0.06543242931365967,0.07918903231620789,0.03371189162135124,-0.11685096472501755,0.06477527320384979,0.0554262176156044,-0.08684784919023514,0.010954453609883785
ฏ,0.03299847990274429,0.16132879257202148,0.09480507671833038,-0.05718615651130676,0.035596881061792374,-0.1280697137117386,-0.14542734622955322,-0.09979545325040817,-0.07994038611650467,0.014987494796514511,-0.05650760978460312,0.031202591955661774,0.0404687337577343,0.03929905965924263,-0.10278179496526718,-0.03495024889707565,-0.13072238862514496,-0.11820410192012787,0.14826910197734833,0.21255411207675934,-0.13490357995033264,-0.1270609349012375,-0.04563819244503975,0.1519257128238678,0.08653546869754791,-0.13130879402160645,-0.06945007294416428,-0.13496796786785126,-0.11567696183919907,0.050252459943294525,-0.02604536898434162,-0.015876661986112595,-0.014768430963158607,-0.016474328935146332,-0.120112344622612,0.019908517599105835,0.021289225667715073,-0.029492078348994255,-0.03635072335600853,-0.036246780306100845,-0.062078431248664856,-0.047079432755708694,0.08822691440582275,-0.11063441634178162,0.05263512581586838,-0.20162490010261536,-0.019612325355410576,-0.13316109776496887,0.03507434204220772,-0.1665019541978836,-0.09561355412006378,-0.06342402845621109,-0.02402578294277191,-0.07602045685052872,-0.09910040348768234,-0.08509323745965958,-0.04131647199392319,-0.052480269223451614,0.06796761602163315,-0.1570098102092743,0.174540176987648,0.12309570610523224,0.11282011866569519,-0.07070998847484589,0.0874946340918541,-0.017682939767837524,-0.024637801572680473,0.17927375435829163
ต,0.07995710521936417,-0.07506950199604034,-0.04974111542105675,-0.10539422184228897,-0.02004762925207615,-0.12958665192127228,0.017429225146770477,-0.05899272486567497,0.025616629049181938,-0.09135698527097702,0.01016924623399973,-0.015072735026478767,-0.016239501535892487,0.03404218703508377,-0.1199481263756752,-0.023122603073716164,0.0459771454334259,0.06614626944065094,0.1145908385515213,0.061228543519973755,-0.017197823151946068,0.1069219708442688,0.12127622961997986,-0.11918151378631592,-0.05285261571407318,-0.017593536525964737,0.004979691468179226,-0.029257791116833687,0.1041567400097847,-0.05679828301072121,0.10598555952310562,-0.08819478750228882,0.014849914237856865,0.0697566345334053,-0.09249715507030487,0.03161780536174774,0.011428851634263992,-0.001256389426998794,-0.1070626750588417,0.07991733402013779,-0.03291524201631546,-0.10426720976829529,0.12206123024225235,-0.10751863569021225,-0.08227062970399857,0.02809000387787819,0.11495570838451385,0.02235795184969902,-0.008214196190237999,0.07831189036369324,-0.10360036790370941,-0.09101912379264832,-0.03384453430771828,-0.01067185215651989,0.0009379301918670535,0.0656597837805748,0.024778196588158607,-0.08665158599615097,0.05288003012537956,0.08134970813989639,-0.07295860350131989,0.1001056432723999,-0.06895186007022858,-0.03470379114151001,-0.04247206449508667,-0.04800531640648842,-0.05364884063601494,0.05303998291492462
ฎ,-0.04579903930425644,0.010045281611382961,-0.10999029129743576,0.0768434926867485,-0.02879166044294834,-0.04022612422704697,0.09134872257709503,0.07157670706510544,0.07784831523895264,0.07053607702255249,-0.1355464607477188,-0.006907123606652021,0.09185416996479034,-0.09549158066511154,0.08796721696853638,-0.08544158935546875,-0.10393726080656052,0.13624919950962067,-0.0024021391291171312,0.06149943545460701,-0.00012511585373431444,-0.05397013574838638,0.12545444071292877,0.15533901751041412,-0.08779659122228622,-0.058804888278245926,0.12397364526987076,-0.08391138911247253,0.029563747346401215,-0.1171875074505806,0.166984423995018,0.035601526498794556,-0.041034869849681854,0.0607522688806057,0.11364588886499405,0.07083640247583389,-0.12949888408184052,0.05944521352648735,-0.06101129576563835,-0.01992747187614441,-0.05296376347541809,-0.11548896133899689,-0.038906410336494446,0.11217410862445831,-0.03982239589095116,-0.021945331245660782,0.056524015963077545,0.039740972220897675,-0.10562392324209213,-0.201133131980896,0.12777546048164368,0.015349837020039558,0.06696561723947525,0.1311614215373993,-0.12505845725536346,0.05092018470168114,-0.04773269221186638,-0.11258754134178162,0.1093750074505806,0.12519437074661255,-0.058529436588287354,0.013364162296056747,-0.05088973417878151,-0.01617175154387951,-0.06462414562702179,-0.02561960555613041,0.09311388432979584,-0.082054004073143
ด,-0.09547708928585052,-0.02404051460325718,-0.06355535238981247,-0.07905689626932144,0.018907111138105392,-0.07700762152671814,0.08972679823637009,0.03975317254662514,-0.006968730594962835,0.09319207072257996,-0.059686899185180664,0.1108175739645958,-0.03775067999958992,0.004661841783672571,-0.06414791196584702,0.001088731805793941,0.03709499165415764,0.011857510544359684,-0.070215605199337,0.005181994754821062,-0.10730109363794327,-0.004995125811547041,0.05539890006184578,0.05656667798757553,0.09485912322998047,0.039615754038095474,0.0690450444817543,0.06629116833209991,-0.025510776787996292,0.06900865584611893,0.06829067319631577,-0.09349153190851212,0.03238352760672569,-0.07246268540620804,-0.015394656918942928,0.08571017533540726,-0.044460542500019073,0.024553045630455017,0.09096383303403854,0.06507771462202072,0.042585261166095734,-0.025533409789204597,0.07045816630125046,-0.1055535227060318,-0.059986662119627,-0.007276146672666073,0.002588225295767188,0.08288627862930298,0.012107471004128456,0.0886785089969635,-0.06419219076633453,-0.09925630688667297,0.055584900081157684,-0.09941685199737549,0.08710765838623047,0.0542229562997818,-0.05066860094666481,-0.05241266265511513,-0.010447568260133266,-0.01683666557073593,-0.09525696188211441,0.05181258171796799,0.016322366893291473,-0.013912509195506573,0.11116175353527069,-0.09689038246870041,0.13664832711219788,-0.05855351686477661
ข,-0.053289320319890976,-0.033882252871990204,-0.027669094502925873,-0.06495072692632675,-0.05714995414018631,0.033497750759124756,-0.022500120103359222,0.05244922637939453,0.06063396856188774,-0.032810553908348083,0.0942356139421463,0.036605801433324814,0.1505485624074936,0.22325369715690613,0.1507769525051117,-0.1367475986480713,0.14000602066516876,-0.04130703583359718,-0.15629702806472778,-0.20831850171089172,-0.031605690717697144,0.0009343006531707942,0.04111719876527786,0.02650216966867447,0.11911819130182266,-0.008883253671228886,-0.043034397065639496,0.002648215740919113,0.07377474009990692,0.0058879065327346325,-0.15738923847675323,0.09080507606267929,-0.04997977614402771,0.019204534590244293,0.18980266153812408,-0.11969786882400513,0.052484866231679916,-0.0694895088672638,0.09993379563093185,-0.19133175909519196,0.10551135241985321,0.2463892102241516,0.09672711044549942,-0.07377154380083084,-0.04978299140930176,0.19757190346717834,-0.07190738618373871,0.19340169429779053,0.12864267826080322,0.12951511144638062,0.03884100914001465,-0.11402863264083862,-0.018575115129351616,0.0603381022810936,0.039003949612379074,-0.16514946520328522,-0.12462271749973297,0.1063847541809082,-0.09711577743291855,0.030393019318580627,0.019816648215055466,-0.06330503523349762,0.03740232065320015,0.06792812049388885,0.13879148662090302,0.11413402110338211,-0.03021814301609993,0.05817849934101105
ฃ,-0.08338439464569092,-0.05340715870261192,0.04528693109750748,0.07494485378265381,-0.02970915660262108,-0.04079589992761612,-0.029945993795990944,-0.049142736941576004,0.1260879635810852,0.028929993510246277,0.11589313298463821,-0.05602267384529114,-0.022169580683112144,-0.06493707001209259,0.09760432690382004,-0.11250174045562744,-0.0017794242594391108,0.05488085374236107,0.09670348465442657,0.02101481333374977,-0.0812208279967308,0.08446940779685974,0.05588202551007271,-0.013468590565025806,0.06492744386196136,0.027527719736099243,0.06775093823671341,0.1005021184682846,0.037258751690387726,-0.09566106647253036,-0.05393306538462639,-0.02523755468428135,0.03465604409575462,-0.06560450792312622,-0.017323890700936317,-0.0440557487308979,-0.06874319911003113,0.10257375985383987,-0.10346344858407974,-0.025287160649895668,-0.07455772161483765,0.11198123544454575,0.07771521806716919,0.014959710650146008,0.03164380416274071,0.07258496433496475,-0.0582386739552021,0.01291358470916748,-0.0650663673877716,-0.0003102649934589863,0.10618431121110916,-0.01070386916399002,-0.12283636629581451,-0.08708725869655609,0.02213383838534355,-0.028062310069799423,-0.13126401603221893,0.08318892121315002,-0.11463508009910583,0.0010194613132625818,0.08672620356082916,-0.07902465015649796,0.056709036231040955,-0.04976029321551323,-0.0462832897901535,0.12038979679346085,0.01583201251924038,-0.033731162548065186
ค,-0.015547278337180614,0.04692453518509865,0.01649497263133526,0.11512452363967896,-0.004102108534425497,-0.08315982669591904,-0.0928836539387703,-0.014287938363850117,-0.05233011394739151,0.0026310686953365803,-0.10906464606523514,0.09823822975158691,-0.05763382092118263,-0.08421166241168976,-0.07758107781410217,0.0739220678806305,-0.03440217673778534,0.10204055905342102,-0.06608303636312485,-0.012694284319877625,0.023516716435551643,0.06359761953353882,0.11148258298635483,-0.000559711130335927,-0.031995732337236404,-0.09762310981750488,-0.011155094020068645,-0.11418844014406204,0.038876574486494064,-0.1081785336136818,0.06090123951435089,-0.034803785383701324,-0.0008422635728493333,0.07226728647947311,0.03111032396554947,-0.06527213007211685,-0.040565166622400284,0.044678885489702225,0.03438321873545647,0.05452852323651314,0.10681744664907455,-0.015062730759382248,0.10248932242393494,0.0962442085146904,0.03255422040820122,0.09906778484582901,0.02469782531261444,0.05344267934560776,-0.0031260757241398096,0.06975183635950089,0.12683804333209991,0.04609142243862152,-0.02506060153245926,-0.021319765597581863,-0.016509121283888817,0.04144645854830742,-0.023834386840462685,-0.05510449409484863,0.009414785541594028,-0.07110775262117386,-0.019418800249695778,0.026056965813040733,-0.03133506327867508,0.07315529137849808,-0.04688209667801857,0.12396085262298584,-0.020458826795220375,0.0880727469921112
ฅ,0.014311828650534153,-0.009404854848980904,-0.06879263371229172,-0.051492031663656235,0.018787039443850517,0.07912333309650421,-0.03192659094929695,0.0762614756822586,0.07853735983371735,0.06764626502990723,-0.09698477387428284,-0.022334150969982147,-0.035272784531116486,0.040472447872161865,0.010037261992692947,-0.08155563473701477,0.09555875509977341,0.08522086590528488,-0.0284272488206625,0.06758540868759155,-0.10999194532632828,-0.0316886268556118,0.06433627754449844,-0.0059203337877988815,0.048637475818395615,-0.009037934243679047,-0.07250499725341797,0.03675800561904907,0.12571068108081818,-0.10000679641962051,-0.02379034273326397,0.09286946058273315,-0.008619825355708599,0.08258955925703049,0.005064221099019051,-0.07700866460800171,0.09061739593744278,0.005501510109752417,0.010667749680578709,-0.06780504435300827,-0.04995959624648094,0.024637391790747643,-0.06189166009426117,0.07147292047739029,-0.03614512085914612,0.10085086524486542,-0.01763676106929779,0.08223140984773636,0.0465998612344265,-0.07451922446489334,-0.0751141831278801,0.10739778727293015,-0.09746455401182175,-0.035670530050992966,0.010876710526645184,-0.10781747102737427,0.0987057164311409,0.03202139586210251,0.005021916702389717,-0.008856126107275486,-0.027704935520887375,0.0632011890411377,0.004574140068143606,-0.09868888556957245,-0.0067790476605296135,-0.02291824482381344,-0.06486964225769043,0.07807787507772446
ฆ,-0.055917344987392426,0.11021104454994202,-0.05113566294312477,0.11373905837535858,-0.0709628239274025,-0.02827601507306099,-0.07253646105527878,0.05390353128314018,-0.07356758415699005,0.06165527552366257,0.11674477905035019,0.04150824621319771,0.07815966755151749,-0.01556975208222866,-0.08466265350580215,-0.06886231154203415,0.0017916688229888678,-0.02418600395321846,-0.003468673676252365,-0.004042117390781641,-0.037178050726652145,0.09032071381807327,0.0355815663933754,0.07393202930688858,0.01752418279647827,-0.09409470111131668,0.08482884615659714,-0.06479752063751221,0.05154986307024956,0.0018795556388795376,-0.09694405645132065,-0.09598352760076523,0.0995306447148323,-0.024697860702872276,-0.01834801957011223,-0.10095827281475067,0.07837782800197601,-0.040946342051029205,-0.07058350741863251,-0.07015932351350784,0.02180187590420246,-0.051693063229322433,0.1129470095038414,-0.04800683632493019,-0.015934668481349945,0.05045321211218834,0.11101014912128448,-0.08021821826696396,0.020155761390924454,-0.08405947685241699,-0.008394849486649036,0.06694076210260391,0.1021491214632988,0.06916151195764542,0.016081158071756363,0.11195207387208939,-0.050307758152484894,-0.05101732909679413,-0.013827026821672916,0.040909118950366974,-0.11181813478469849,0.11715943366289139,0.10930272191762924,0.06645635515451431,-0.06547772139310837,-0.07181645184755325,-0.03594644367694855,-0.09988372027873993
ก,-0.06946014612913132,0.1237899661064148,0.14862562716007233,-0.01040404848754406,-0.03481409698724747,0.05419749394059181,-0.0645810142159462,-0.10202349722385406,-0.022871043533086777,0.04370727390050888,-0.20441953837871552,0.17497888207435608,0.0448417030274868,-0.1601180136203766,-0.009495449252426624,-0.05781450495123863,-0.26180174946784973,0.11768138408660889,0.05664380267262459,0.19655656814575195,-0.04463087022304535,-0.0205366313457489,0.04698736220598221,0.1934729963541031,0.07011181861162186,0.07833192497491837,0.0014174316311255097,0.07508333027362823,-0.02303534746170044,-0.04705825075507164,0.05297876521945,0.05903758481144905,-0.08668515086174011,0.09334588050842285,-0.12292581796646118,0.11969111114740372,-0.008035887964069843,-0.05499538406729698,-0.0450262613594532,0.2408786118030548,-0.12024058401584625,-0.2669067680835724,-0.051511988043785095,0.09928538650274277,0.1088239774107933,-0.17914119362831116,0.014004088938236237,0.03277387470006943,-0.06700634211301804,-0.2643219232559204,-0.0573481023311615,-0.04853833094239235,0.022778671234846115,0.03891407698392868,-0.1822533756494522,0.10861066728830338,0.05734064802527428,-0.10423354059457779,0.018622543662786484,0.01740933582186699,0.14300119876861572,0.14792463183403015,0.05210157483816147,-0.17697955667972565,-0.005807111505419016,-0.2463476061820984,-0.0007292776717804372,0.14870670437812805
อ,0.11476157605648041,-0.03835451230406761,-0.1572461873292923,-0.042671170085668564,0.016453243792057037,-0.06980361044406891,-0.12066207081079483,-0.07265675812959671,-0.11923100054264069,-0.06843188405036926,-0.04859404265880585,-0.08739025145769119,0.12746256589889526,0.06642727553844452,0.051037274301052094,-0.015574699267745018,0.06600626558065414,-0.097651407122612,-0.0011615841649472713,0.16792626678943634,0.07740586251020432,-0.05470944195985794,-0.08052074164152145,0.16522563993930817,-0.14175951480865479,-0.01927795261144638,-0.016884349286556244,0.171473428606987,-0.16405436396598816,0.039367031306028366,0.005341986659914255,0.15725502371788025,-0.024647191166877747,0.20367830991744995,0.03221803531050682,0.033428654074668884,-0.0055168382823467255,-0.019742995500564575,-0.03257820010185242,-0.060235943645238876,-0.08235564827919006,-0.07308962196111679,0.08353844285011292,0.005216577555984259,0.027417292818427086,-0.029293442144989967,-0.08821723610162735,-0.1758573353290558,-0.03851598501205444,0.023835254833102226,0.061456114053726196,0.005179420113563538,0.17114412784576416,-0.10235940665006638,-0.022937661036849022,-0.0786956399679184,-0.03967539593577385,0.02095797099173069,-0.11661160737276077,0.0673525333404541,0.018679354339838028,0.14200840890407562,-0.09468398243188858,0.0830732136964798,0.01942312903702259,-0.029571540653705597,-0.08925753831863403,0.1338386982679367
ร,-0.0279670562595129,0.059970106929540634,-0.04007729887962341,0.11398167163133621,-0.10830298066139221,-0.016728371381759644,0.0168558731675148,0.1719846874475479,-0.1136389821767807,0.09632331132888794,0.1473630666732788,0.05713566765189171,-0.020543687045574188,0.013995506800711155,0.0014839987270534039,0.05043429881334305,0.07752809673547745,0.14133182168006897,-0.11619579046964645,0.0027542810421437025,0.02262161485850811,0.1433899849653244,0.1674574315547943,-0.18888486921787262,0.10782881081104279,-0.1026715487241745,0.08153778314590454,-0.046646665781736374,0.09614361822605133,-0.033770736306905746,0.03230554983019829,-0.1803247034549713,-0.019789306446909904,-0.17028474807739258,0.09317514300346375,-0.05049749091267586,0.02310902625322342,-0.12163344025611877,0.04760781303048134,0.04053730145096779,0.12694987654685974,0.09444407373666763,-0.15906016528606415,-0.10339207202196121,-0.0680876076221466,-0.09538742154836655,-0.03974736109375954,0.09640496224164963,0.12906786799430847,-0.15066103637218475,0.003022580174729228,0.0986611619591713,-0.08552920818328857,0.09010673314332962,0.046923719346523285,-0.01975061558187008,0.045542508363723755,0.11541275680065155,0.08588036149740219,-0.12730592489242554,-0.0400921106338501,-0.06015309691429138,-0.049828652292490005,-0.06393011659383774,0.0012696634512394667,0.013392535038292408,-0.0002059663092950359,-0.05419442430138588
ฤ,-0.03315500169992447,0.09813977032899857,0.00234403763897717,-0.24518907070159912,0.05189034715294838,0.020430048927664757,-0.16743560135364532,0.11715700477361679,0.0308045856654644,0.06396110355854034,0.04361264780163765,-0.07688044756650925,-0.05720300227403641,-0.11631662398576736,0.04211821034550667,-0.14943088591098785,-0.09475407004356384,0.03266413137316704,0.09812666475772858,-0.06563153862953186,0.06092775985598564,-0.06647049635648727,0.13280615210533142,0.20226022601127625,0.03352586179971695,0.13495008647441864,0.037644147872924805,0.19249263405799866,-0.11853490024805069,0.19022005796432495,-0.11136171966791153,0.2587232291698456,-0.21197985112667084,0.1716139018535614,0.1269211769104004,0.01986975595355034,-0.000983917503617704,0.14181897044181824,0.035759903490543365,-0.08552128821611404,-0.013288185931742191,0.047753915190696716,-0.046951960772275925,-0.0076553174294531345,0.07958202064037323,0.11852932721376419,-0.025339581072330475,-0.14956626296043396,0.08232137560844421,0.0034331115894019604,0.1042734906077385,0.18223068118095398,0.09997513145208359,-0.029255511239171028,0.02162448689341545,-0.09120835363864899,0.07410281151533127,-0.11577396839857101,-0.1366845816373825,0.044354457408189774,-0.17191959917545319,0.2254311591386795,-0.028280092403292656,-0.06129433214664459,-0.006452277302742004,-0.1385641247034073,-0.13068901002407074,0.23162826895713806
ฉ,-0.033497873693704605,-0.01729329489171505,0.0025890255346894264,0.07479090243577957,0.09849198907613754,0.12451475113630295,0.14536526799201965,-0.06991494446992874,0.1831158995628357,0.06006672605872154,0.0362536646425724,0.053411148488521576,0.14435243606567383,0.1154765635728836,-0.058382365852594376,0.11274072527885437,0.38045555353164673,0.133504718542099,-0.17057335376739502,-0.2619427740573883,-0.09995941072702408,-0.04342588409781456,-0.24790704250335693,-0.20591668784618378,0.21816593408584595,-0.11903373152017593,0.1058691069483757,-0.23575232923030853,0.06426218897104263,-0.07817553728818893,-0.24909228086471558,-0.05715002492070198,0.17830805480480194,-0.1484457105398178,-0.0006787385791540146,0.0025416796561330557,0.06471960991621017,-0.023764459416270256,-0.04076283425092697,-0.1943073868751526,0.03502413630485535,0.1687474399805069,0.005479870829731226,-0.2251109480857849,-0.08944136649370193,0.13147951662540436,-0.08616672456264496,0.06837700307369232,-0.022625114768743515,0.2508407235145569,0.07050210982561111,-0.22483836114406586,-0.018189994618296623,-0.03315860778093338,0.02350103296339512,-0.034795213490724564,-0.12732000648975372,0.12695667147636414,0.021961020305752754,0.06197318434715271,0.013518375344574451,-0.16410298645496368,0.05942560359835625,0.1894260197877884,0.16546690464019775,0.18750862777233124,-0.061493612825870514,-0.16608460247516632
ช,-0.07666046917438507,-0.05945451930165291,0.12729255855083466,0.01814197190105915,-0.09738828986883163,0.054411910474300385,0.038677677512168884,0.011583810672163963,0.013350983150303364,-0.013524229638278484,0.07085878401994705,-0.0013730158098042011,0.06966542452573776,0.011760590597987175,-0.018662378191947937,-0.06633877009153366,0.033811215311288834,-0.0967976301908493,0.08399299532175064,-0.10295788943767548,0.0006764540448784828,-0.06068439409136772,-0.010510710999369621,-0.00186047307215631,-0.10527011752128601,-0.07520889490842819,0.12948594987392426,-0.028912708163261414,0.019806677475571632,0.032273028045892715,-0.018317772075533867,-0.13429315388202667,0.13083672523498535,0.054710503667593,-0.015326916240155697,0.04275026544928551,0.09000329673290253,-0.12179740518331528,-0.0833163633942604,-0.005910515319555998,0.09806537628173828,0.15886081755161285,-0.04265503212809563,-0.07014710456132889,0.0028125036042183638,-0.03570571541786194,-0.08878794312477112,0.05750102549791336,-0.09616553783416748,-0.032084640115499496,0.07692587375640869,0.022342801094055176,-0.12999460101127625,-0.06920085847377777,-0.10327065736055374,0.0093849441036582,-0.1326814591884613,0.0614347942173481,0.09719803184270859,-0.10836274921894073,-0.08248264342546463,0.01875925622880459,-0.10389330983161926,0.00989036075770855,0.02034088596701622,0.0882132425904274,-0.06756745278835297,-0.08316540718078613
ฌ,0.03311457112431526,-0.09076067805290222,-0.04171641916036606,-0.06841754168272018,0.07723473757505417,0.11113911867141724,-0.0734989196062088,0.03909812867641449,0.04656507819890976,-0.016925400123000145,0.06542051583528519,-0.027195200324058533,0.05109107121825218,-0.011381400749087334,-0.060607925057411194,0.09223979711532593,0.008350979536771774,-0.06062784045934677,0.007965481840074062,0.0278090238571167,-0.08616741001605988,0.07978864759206772,0.09542513638734818,-0.030498387292027473,0.01855187863111496,0.03395359590649605,0.06265046447515488,0.03330177813768387,0.0968695655465126,-0.022403659299016,0.10215717554092407,0.022604407742619514,0.07899927347898483,-0.017283029854297638,0.1089789867401123,0.07140233367681503,-0.0908493846654892,0.0808757022023201,-0.07325103133916855,0.008501041680574417,-0.10452847927808762,-0.03416696563363075,0.008704853244125843,-0.041727613657712936,-0.04958158731460571,-0.05000855773687363,-0.000468340702354908,-0.09677570313215256,-0.0182216577231884,-0.09764983505010605,-0.09407687932252884,0.05823688954114914,0.03312909975647926,0.0975910946726799,-0.11448005586862564,-0.04461853578686714,-0.04512885957956314,-0.08366592973470688,0.08767757564783096,0.040528226643800735,-0.04396633431315422,-0.057790618389844894,0.010730638168752193,-0.08885310590267181,0.04176284745335579,0.07067575305700302,0.04077949374914169,0.00024328897416125983
จ,0.0855591893196106,0.18169164657592773,0.10817655920982361,0.051023468375205994,0.062376659363508224,-0.06588692218065262,-0.054148998111486435,-0.052858784794807434,-0.05746057257056236,0.03486386686563492,0.010648524388670921,0.1097034141421318,-0.012520636431872845,0.00562941562384367,-0.0677223727107048,-0.0958247035741806,-0.19852006435394287,0.03488827869296074,0.23932500183582306,0.2240101397037506,0.1132671982049942,-0.07204826921224594,0.0737476795911789,0.04111844301223755,-0.045966386795043945,0.03755136951804161,-0.031049204990267754,-0.07317963987588882,-0.133180171251297,-0.005685240495949984,0.18726137280464172,-0.07439636439085007,-0.03320850431919098,0.013885046355426311,0.013444124720990658,0.0493398942053318,-0.08574575930833817,0.059687014669179916,-0.10092537105083466,0.14369696378707886,0.04597777873277664,-0.316011518239975,-0.06322114169597626,-0.040929730981588364,0.05511004105210304,-0.27032768726348877,0.11878634244203568,-0.18748517334461212,0.05097852647304535,-0.16833768784999847,-0.15167979896068573,0.09879083186388016,0.05171503499150276,0.02742704562842846,-0.15983709692955017,0.24821160733699799,0.0225480068475008,0.017792804166674614,0.007171738427132368,0.00305520324036479,0.10341542214155197,0.17040832340717316,0.10538633912801743,-0.03372565656900406,0.03710060566663742,-0.1399359256029129,0.20525327324867249,0.0063179489225149155
ศ,-0.09222222864627838,0.03893035277724266,0.068651482462883,-0.03506221994757652,-0.011081230826675892,-0.18124008178710938,0.02587762288749218,0.044286925345659256,0.13540640473365784,0.026698675006628036,0.184387668967247,0.03770997002720833,0.010910648852586746,-0.024919724091887474,-0.024123787879943848,0.1066928580403328,0.1647951304912567,-0.11435925215482712,-0.01666262187063694,-0.017169050872325897,0.06882837414741516,-0.12039811909198761,0.0037518986500799656,-0.09616000950336456,0.0304525475949049,0.08154401183128357,-0.018026435747742653,0.035109616816043854,0.06251385062932968,-0.029156258329749107,0.061883583664894104,-0.10676953196525574,-0.06932410597801208,-0.16982418298721313,0.10278183966875076,-0.1365940272808075,0.0614154115319252,-0.11090342700481415,-0.034654516726732254,0.07496058195829391,0.10882453620433807,0.00905348639935255,0.04544397443532944,0.04563341662287712,-0.14763927459716797,0.15360821783542633,-0.04125722125172615,0.10236278176307678,0.12168316543102264,-0.06520193815231323,-0.007391062099486589,-0.057614341378211975,-0.012833948247134686,-0.03036726452410221,-0.05392594262957573,-0.1946847140789032,-0.13256290555000305,-0.05785837024450302,-0.09509573876857758,-0.1553301215171814,-0.026111019775271416,-0.10089248418807983,-0.0799504965543747,0.12709006667137146,0.10394249856472015,0.10532666742801666,-0.15269793570041656,-0.04741528630256653
ษ,-0.09663417935371399,-0.12545979022979736,-0.04382118582725525,-0.0331793911755085,0.1013345867395401,-0.07913529127836227,0.036175355315208435,-0.1135830357670784,0.1066192239522934,0.007443943526595831,0.05308537930250168,-0.05643138661980629,0.02876519039273262,0.09338686615228653,-0.033978644758462906,-0.11039832979440689,-0.08020926266908646,-0.0544779971241951,-0.07564487308263779,-0.026883700862526894,-0.07662301510572433,0.10074441134929657,0.00926907081156969,-0.10326353460550308,-0.0569845549762249,0.09721723198890686,-0.06605194509029388,-0.02217465080320835,0.05014690011739731,0.056695353239774704,0.011266880668699741,0.026426920667290688,-0.06029801815748215,-0.032389719039201736,-0.11456061899662018,-0.008224446326494217,0.07147818058729172,0.09254925698041916,-0.06104433909058571,0.08220906555652618,0.08888939768075943,0.09809080511331558,0.04455985501408577,0.10328814387321472,0.0038251238875091076,0.10553140938282013,-0.11703565716743469,0.06672456860542297,0.02980423904955387,-0.040541790425777435,-0.02869340218603611,-0.020040523260831833,-0.0015346467262133956,-0.0262774471193552,-0.0974569320678711,-0.10398539900779724,0.03415849059820175,-0.007842612452805042,-0.021423226222395897,0.10582878440618515,-0.08268077671527863,0.0034603604581207037,-0.03869536891579628,0.07621446251869202,-0.055961914360523224,-0.06856059283018112,-0.08978058397769928,-0.10351264476776123
ส,-0.0023176013492047787,0.06080640107393265,-0.05394861847162247,-0.09157294780015945,0.048691485077142715,-0.01583009772002697,-0.09370770305395126,-0.10889261215925217,-0.017395129427313805,0.10123151540756226,-0.00498232850804925,0.0792895182967186,-0.025576762855052948,0.01083847600966692,0.06263219565153122,-0.10897601395845413,0.03473072126507759,0.061419449746608734,0.0453728511929512,0.07531022280454636,0.04217175766825676,-0.01253220159560442,0.10490337014198303,0.07587229460477829,-0.0018003099830821157,0.09380495548248291,-0.07400136440992355,-0.11199359595775604,0.07224053144454956,0.041347865015268326,0.11616027355194092,0.08886986970901489,0.1139024943113327,-0.12374912947416306,-0.0856066569685936,-0.011875196360051632,0.09332261234521866,-0.060887787491083145,0.028892073780298233,0.04767259582877159,-0.06936412304639816,0.07488225400447845,0.09052644670009613,-0.05803564935922623,0.11305193603038788,0.04269884154200554,-0.11124344915151596,0.0018717278726398945,-0.016751689836382866,0.0341009795665741,-0.06464230269193649,0.11273936182260513,-0.036737725138664246,-0.08332043886184692,-0.08611178398132324,-0.03111555427312851,-0.004225871525704861,0.09110057353973389,-0.021691128611564636,-0.08311598002910614,0.020772023126482964,-0.09084948897361755,0.019676033407449722,0.05172529071569443,0.03733651712536812,-0.036110009998083115,-0.042372237890958786,-0.061539143323898315
ซ,-0.06392131745815277,0.04376592859625816,-0.06643106043338776,-0.060989465564489365,-0.06898375600576401,0.0025656018406152725,-0.07624950259923935,-0.04610170051455498,0.001619962858967483,-0.06967571377754211,0.11480674892663956,-0.1098390743136406,-0.05514262616634369,-0.056406594812870026,-0.05284590274095535,0.10365757346153259,0.0965290442109108,0.029376115649938583,-0.05029262602329254,0.10789601504802704,0.08217470347881317,0.0834549069404602,0.03987322747707367,0.10680507868528366,0.017567360773682594,0.1189156249165535,0.05453599616885185,0.0001751110830809921,-0.08321209251880646,0.03178815543651581,0.05405205860733986,-0.030043527483940125,-0.09275341778993607,0.08978332579135895,-0.07930111140012741,-0.059417277574539185,0.12202705442905426,0.04254637286067009,0.008867591619491577,-0.012281326577067375,-0.0027310315053910017,0.07405543327331543,0.003375524654984474,-0.0379202775657177,0.004935027100145817,0.025342268869280815,0.023775305598974228,-0.05997972562909126,-0.027353385463356972,-0.021676741540431976,-0.03236757963895798,-0.1159244179725647,0.06795141100883484,0.10043404996395111,-0.1169588640332222,0.09311122447252274,-0.10107549279928207,-0.08853240311145782,0.09532517939805984,-0.020778261125087738,0.08838880807161331,-0.09570836275815964,-0.10201343894004822,-0.06668195128440857,0.03404812142252922,-0.05568627268075943,-0.0032269428484141827,-0.08624659478664398
ฝ,0.016721373423933983,-0.10047180205583572,0.04264838248491287,0.092516228556633,-0.05568958818912506,-0.10294892638921738,-0.0351247675716877,-0.10695959627628326,-0.036141131073236465,0.04873865842819214,0.09079056978225708,-0.031894151121377945,0.09441225975751877,-0.04534124210476875,-0.08147691935300827,0.05188053473830223,0.012508428655564785,-0.03738690912723541,-0.016053257510066032,-0.06140120327472687,-0.10366625338792801,0.049132272601127625,0.12097872793674469,0.029469653964042664,-0.04837549477815628,-0.06385088711977005,0.0948173925280571,-0.08231634646654129,0.10290186107158661,0.12578919529914856,-0.012586811557412148,0.0481848381459713,0.0757579579949379,-0.002539281500503421,-0.13836200535297394,-0.048492658883333206,-0.00981634110212326,0.09106633067131042,-0.1261596530675888,-0.07314176857471466,-0.026316756382584572,0.02617611363530159,-0.042176149785518646,-0.13372951745986938,0.015483521856367588,0.037193264812231064,-0.03280257433652878,-0.08556672185659409,-0.15771116316318512,-0.035369619727134705,-0.08321952819824219,0.01442678738385439,-0.07054127007722855,0.07361964881420135,0.10157937556505203,-0.010236374102532864,-0.03141546621918678,0.0793791338801384,0.06801321357488632,-0.04253726452589035,-0.021988892927765846,0.1123640313744545,-0.0035100902896374464,-0.050362784415483475,0.03215618431568146,0.018308283761143684,-0.043783750385046005,0.10834941267967224
ฟ,-0.09363021701574326,0.09207945317029953,-0.014957361854612827,0.08041962236166,-0.06191985309123993,-0.019316455349326134,0.07875864952802658,0.08475901931524277,0.08180682361125946,0.09993519634008408,0.017327772453427315,0.05552493780851364,-0.06567501276731491,-0.10382043570280075,0.1037207841873169,-0.08430986851453781,-0.04836050420999527,-0.09461191296577454,0.03750070556998253,-0.10176856815814972,-0.06880361586809158,-0.060135308653116226,0.06443057954311371,0.04004460945725441,-0.030737021937966347,-0.027695000171661377,-0.09456685930490494,-0.00224672956392169,0.010223082266747952,-0.08004432171583176,0.02557126060128212,0.0363381952047348,0.12091805785894394,-0.11344633996486664,-0.016923364251852036,-0.08280197530984879,0.03333953395485878,-0.05870065093040466,-0.014665343798696995,0.057666365057229996,-0.029642349109053612,0.051728565245866776,-0.10702095925807953,0.042284078896045685,0.017547644674777985,0.09442561864852905,0.05858704447746277,-0.023371901363134384,0.01686110720038414,0.036506347358226776,0.04364537075161934,-0.031832125037908554,0.09745506942272186,0.10916004329919815,-0.072176493704319,-0.0033396792132407427,-0.09976298362016678,0.047256290912628174,0.06469325721263885,0.11382503807544708,0.04296485334634781,-0.009907424449920654,0.09417615085840225,-0.10779920220375061,0.06212573125958443,0.09022075682878494,-0.10967858880758286,-0.052457258105278015
ห,-0.04685315117239952,-0.04728216677904129,0.03808348998427391,-0.05236560478806496,0.0360807441174984,-0.025169486179947853,0.017149068415164948,0.029303869232535362,0.023144371807575226,0.008657376281917095,0.10688666254281998,0.003034853609278798,-0.06598053872585297,0.0046394262462854385,0.10547429323196411,0.06708107888698578,0.052606675773859024,-0.009631828404963017,0.007921820506453514,0.06640961766242981,0.004193461500108242,-0.0375857874751091,-0.1143413856625557,0.09364818036556244,0.09319180995225906,0.015311348251998425,0.04133825749158859,-0.04664324223995209,-0.06440749019384384,0.0582437589764595,0.03537464886903763,-0.08863253891468048,0.036953408271074295,-0.06835585087537766,0.03501849249005318,-0.037955142557621,0.10249647498130798,0.024489011615514755,-0.0977073609828949,-0.09929303079843521,-0.11535029113292694,-0.04490116983652115,0.05395885556936264,-0.10424290597438812,-0.06501723825931549,-0.029101813212037086,0.012226990424096584,-0.001016243826597929,0.08829411119222641,0.10626370459794998,-0.04810339957475662,0.07159248739480972,0.09367385506629944,0.005076427012681961,0.024714168161153793,0.03695254772901535,-0.08405168354511261,0.0707472637295723,0.10600526630878448,0.05605354532599449,-0.07667848467826843,-0.07935862988233566,0.037799589335918427,-0.04210974648594856,0.016511915251612663,-0.031224017962813377,-0.04731454700231552,0.11273831874132156
ฮ,0.008444082923233509,0.08634164929389954,0.10083509236574173,-0.08443349599838257,-0.045945487916469574,-0.05376927927136421,-0.10995401442050934,-0.010079960338771343,-0.042999517172575,-0.02206224948167801,0.00396559527143836,-0.0273188017308712,-0.10833300650119781,-0.049703199416399,0.039947301149368286,0.015104293823242188,0.07896549254655838,0.04415714740753174,0.10048489272594452,-0.08566008508205414,-0.07070383429527283,-0.02950381487607956,0.07652942091226578,-0.02354702539741993,-0.07552560418844223,-0.11440276354551315,0.10192251205444336,-0.010854972526431084,-0.0036902192514389753,0.003043157747015357,0.06244116276502609,-0.002469021361321211,0.029499901458621025,-0.04471282288432121,0.06454046070575714,-0.08951346576213837,-0.07104254513978958,0.03757137805223465,-0.0984974130988121,0.05218036100268364,-0.0469527430832386,0.0184222012758255,0.03274953365325928,0.04502715542912483,-0.023608585819602013,-0.010680971667170525,0.1155758872628212,0.002642062958329916,-0.10211378335952759,-0.09975434094667435,0.06855243444442749,-0.10625516623258591,0.09786157310009003,-0.09569405764341354,0.009254041127860546,-0.10658460110425949,-0.06778690218925476,0.004277417901903391,-0.08348901569843292,0.07410115748643875,0.07753262668848038,0.06404126435518265,-0.10387183725833893,-0.005238709505647421,0.01548686157912016,0.11722425371408463,-0.055932749062776566,0.053586628288030624
ญ,-0.0761496052145958,0.1606924682855606,0.07936032861471176,-0.08416198939085007,-0.09693628549575806,0.18157958984375,-0.06768880784511566,-0.044233765453100204,0.039199117571115494,0.15131540596485138,-0.2082107961177826,0.002576227532699704,-0.07145211100578308,0.06296976655721664,-0.03995836153626442,0.03499549627304077,0.05369503051042557,0.14397136867046356,0.0553596131503582,0.14099322259426117,0.13292095065116882,0.12811948359012604,0.006488807499408722,0.10553870350122452,0.07571292668581009,0.01072018314152956,0.05266936123371124,0.13095635175704956,0.10258439928293228,-0.07935015112161636,0.03732654079794884,-0.09635495394468307,-0.04900214448571205,0.05018751323223114,-0.09636899828910828,-0.08383224159479141,-0.04941323399543762,-0.11954444646835327,0.0833449736237526,-0.0708400085568428,0.053435564041137695,0.020603332668542862,-0.028095727786421776,0.02081526257097721,0.1707366555929184,-0.19473956525325775,-0.016086356714367867,-0.018682552501559258,0.10075941681861877,0.03562774136662483,-0.05756952613592148,-0.05651223286986351,0.061928458511829376,0.14400513470172882,-0.014111148193478584,0.1193263977766037,-0.03843030333518982,-0.0368778258562088,0.09417944401502609,-0.023586705327033997,-0.08118153363466263,0.07574238628149033,-0.07008616626262665,-0.022368425503373146,-0.06819150596857071,-0.11414404213428497,0.09824671596288681,-0.14211112260818481
ย,-0.14345631003379822,0.04015738517045975,-0.13533736765384674,-0.024449877440929413,0.045306287705898285,-0.08538366854190826,-0.06955260783433914,0.014208676293492317,0.06632056832313538,-0.011071629822254181,-0.07072052359580994,-0.12126956880092621,0.11754636466503143,-0.10206513851881027,0.13913926482200623,-0.1203206479549408,0.05820118635892868,-0.12161190062761307,0.1267920434474945,0.0935230478644371,-0.0711132287979126,-0.09397903084754944,-2.8300564736127853e-05,0.2150845229625702,-0.14282873272895813,0.04572788253426552,-0.056995466351509094,0.24302871525287628,-0.1981622874736786,0.06030663475394249,0.04024803638458252,0.19125796854496002,-0.09039898961782455,0.21991552412509918,0.11913538724184036,-0.0477263368666172,0.03501194715499878,0.0027653968427330256,0.029873082414269447,0.12564566731452942,-0.10887742042541504,0.057284317910671234,-0.03274989500641823,0.029803099110722542,0.1399592161178589,-0.015042617917060852,0.12308012694120407,0.005032640881836414,-0.019196772947907448,-0.0631948709487915,0.02029375359416008,0.1830083131790161,0.05510036647319794,0.09219048172235489,0.08318404853343964,-0.06475231051445007,0.1158904954791069,-0.027591906487941742,0.06188127398490906,0.04336577281355858,-0.1395556926727295,0.0452302061021328,0.062211811542510986,-0.09390667080879211,0.1074693500995636,0.017351757735013962,0.03689902275800705,0.19700117409229279
ว,0.04198748990893364,0.042724769562482834,0.10937521606683731,-0.09319190680980682,-0.09638857841491699,-0.06314605474472046,0.06520377099514008,0.07807093858718872,0.011608362197875977,0.056304194033145905,0.038412585854530334,-0.040113579481840134,0.04679618403315544,-0.07217931002378464,0.11600497364997864,0.1131565123796463,-0.02499605156481266,-0.024914022535085678,-0.059663038700819016,0.13753892481327057,0.053668055683374405,0.14900872111320496,0.06245805695652962,-0.01096342969685793,-0.03706948459148407,-0.08734248578548431,-0.09617600589990616,0.06298907846212387,0.023986276239156723,0.08861544728279114,0.051834747195243835,-0.036902498453855515,0.09348838776350021,-0.03459981456398964,0.09138979017734528,0.0267438106238842,0.11396460235118866,0.09475138038396835,-0.02199329435825348,0.004742264281958342,0.09386344999074936,-0.02669554576277733,-0.09105285257101059,0.07649139314889908,-0.07666007429361343,0.08440577983856201,-0.07023242861032486,0.008539235219359398,0.06809762120246887,0.011097737587988377,-0.06522198766469955,-0.03486916422843933,-0.021428482607007027,0.09579881280660629,-0.007478426676243544,0.056369051337242126,0.09215068072080612,0.03185984864830971,0.05666692927479744,-0.09183595329523087,-0.06051705777645111,-0.0002993461675941944,0.027079375460743904,0.005068621598184109,-0.05085064843297005,-0.04928202927112579,0.043592143803834915,-0.08670618385076523
ล,-0.05377058684825897,-0.07551294565200806,-0.04767186567187309,-0.06393331289291382,-0.06493665277957916,0.0073601496405899525,0.07644864916801453,-0.029731271788477898,0.0881604328751564,0.08018692582845688,0.06460970640182495,0.11530410498380661,0.050184234976768494,-0.07961194217205048,-0.02064468339085579,0.03520641848444939,-0.042384713888168335,0.02914583496749401,5.591278022620827e-05,0.06488753110170364,0.03061397559940815,-0.05053151398897171,0.0058065140619874,-0.2442038208246231,0.1473393738269806,-0.029274990782141685,0.06823866814374924,-0.24083782732486725,0.04300902411341667,-0.031189724802970886,0.08756343275308609,-0.09768065810203552,-0.0273309163749218,-0.19597560167312622,-0.1314905434846878,-0.025526082143187523,0.04967174679040909,-0.032703712582588196,-0.0774763971567154,0.045115988701581955,-0.06841662526130676,-0.10331912338733673,-0.08939935266971588,-0.06629996001720428,-0.005414378363639116,0.05753413215279579,-0.048948585987091064,0.17705994844436646,0.10494699329137802,-0.019690515473484993,-0.10726649314165115,-0.06051335111260414,-0.02618689090013504,0.04077902063727379,-0.09371215850114822,0.04722063988447189,0.029103614389896393,0.14820900559425354,-0.12383900582790375,-0.04467956721782684,0.1346244066953659,0.046768926084041595,-0.15808570384979248,0.028482479974627495,-0.13751746714115143,-0.04819140210747719,0.09168057143688202,-0.039017993956804276
ฬ,-0.1047363132238388,0.04164949804544449,0.12923762202262878,0.04549570381641388,-0.10706469416618347,0.05174391716718674,-0.055100876837968826,0.052329689264297485,-0.0073228320106863976,-0.01773003488779068,0.06343894451856613,-0.10636657476425171,0.10596883296966553,-0.029789777472615242,0.009792911820113659,-0.0472814105451107,-0.08713117241859436,0.0070092398673295975,0.03632466122508049,0.09378261119127274,-0.009243267588317394,-0.049656108021736145,-0.006235422100871801,-0.09568934142589569,0.09953130781650543,-0.012192580848932266,-0.07440600544214249,-0.06045813113451004,0.1263028085231781,-0.12351243942975998,0.03638710826635361,-0.0352780818939209,-0.013431393541395664,-0.0659266784787178,0.02984677441418171,0.04425649344921112,0.04082467779517174,0.009460330940783024,-0.05128009244799614,-0.10953529924154282,-0.019101018086075783,0.03154872730374336,0.05981610342860222,-0.00852818414568901,0.00527761597186327,-0.043427981436252594,-0.06823790073394775,-0.013758974149823189,-0.09359541535377502,-0.017411204054951668,-0.055971529334783554,0.017131244763731956,-0.03898847848176956,0.08740194141864777,-0.03425917401909828,-0.0464794859290123,0.034124936908483505,0.07876139879226685,-0.08314778655767441,0.04061625525355339,-0.02048925869166851,-0.024133915081620216,0.05744338780641556,-0.11881566047668457,-0.07243125885725021,0.11906935274600983,0.11857838928699493,-0.08768582344055176
ฦ,-0.10560104250907898,-0.08256206661462784,-0.14516174793243408,-0.02582097053527832,-0.08528681099414825,-0.18495841324329376,-0.19106003642082214,0.15426619350910187,0.04587733373045921,0.03190971165895462,-0.18528902530670166,0.00836948212236166,0.026598000898957253,-0.06647796183824539,0.035041775554418564,-0.0702010989189148,-0.08636292070150375,0.050241101533174515,0.023454779759049416,-0.019122136756777763,0.0567299947142601,-0.07261361181735992,0.1430426388978958,0.23807725310325623,-0.15792614221572876,-0.005522967781871557,-0.16007059812545776,0.3260156512260437,-0.10762590914964676,0.2225549817085266,-0.028031516820192337,0.08501061797142029,-0.0868985652923584,0.08627019822597504,0.069761261343956,0.055763766169548035,-0.06670691072940826,0.03108973801136017,-0.09869637340307236,0.03055383823812008,-0.014427411369979382,-0.12522505223751068,0.06679971516132355,0.1155756264925003,0.10567878931760788,-0.03475630655884743,0.049979642033576965,-0.14593163132667542,-0.09461648762226105,-0.11978976428508759,-0.0015520155429840088,0.21305407583713531,-0.013270188122987747,-0.04904681816697121,-0.05094793438911438,0.052000876516103745,-0.03123728185892105,-0.18951906263828278,0.00651584705337882,0.08436673134565353,-0.025254668667912483,0.19829154014587402,-0.026767941191792488,-0.015781274065375328,-0.14418838918209076,0.013239619322121143,-0.09920845180749893,0.11396854370832443
ิ,-0.11632546037435532,-0.1757000833749771,-0.14628151059150696,-0.05159531161189079,-0.11894532293081284,-0.10178933292627335,-0.15916232764720917,-0.03719249367713928,-0.029924944043159485,-0.10457048565149307,0.1695142537355423,-0.13560256361961365,0.04029397666454315,0.050626084208488464,0.15768346190452576,0.058399803936481476,0.09239514917135239,-0.23377370834350586,-0.057619281113147736,-0.08336236327886581,-0.02185928262770176,0.04828871414065361,-0.09162456542253494,0.13944020867347717,-0.07736534625291824,-0.10074609518051147,-0.044658876955509186,0.04616768658161163,0.103184275329113,0.13758783042430878,-0.24792571365833282,0.12001857161521912,0.06438944488763809,0.013408313505351543,-0.0242290236055851,-0.06695596128702164,0.09576438367366791,0.12610675394535065,-0.17221511900424957,0.1267663836479187,-0.11291934549808502,0.18095947802066803,-0.04674459248781204,-0.07946881651878357,0.08410046994686127,0.08854646235704422,0.13437610864639282,0.06662756204605103,0.09342103451490402,0.2478632777929306,0.1532692015171051,0.018152538686990738,-0.09171077609062195,-0.05798977613449097,-0.040923506021499634,-0.14051233232021332,-0.021273715421557426,-0.13058753311634064,-0.05049159377813339,0.003861521603539586,-0.06219184026122093,0.03766746073961258,-0.0981026366353035,0.1866927593946457,0.19193409383296967,0.10592448711395264,-0.1394316852092743,0.0951029360294342
ี,0.06996345520019531,-0.024963146075606346,-0.0007577300420962274,-0.18866388499736786,-0.06708840280771255,-0.022061429917812347,-0.07716058194637299,0.07336293905973434,0.06135972589254379,0.1024765744805336,0.1167776808142662,0.07850326597690582,-0.020750297233462334,-0.14496442675590515,0.05050838738679886,-0.09476832300424576,-0.0901007205247879,-0.13269387185573578,-0.03946758434176445,-0.048116035759449005,-0.011923872865736485,0.015989340841770172,0.0763707160949707,0.06163264065980911,-0.11152523010969162,0.139071524143219,0.012132066302001476,0.19643567502498627,-0.1316705048084259,0.18623453378677368,-0.0203123576939106,0.032302211970090866,-0.14704447984695435,0.10839179903268814,0.11974261701107025,-0.030429182574152946,0.06654679775238037,0.08986367285251617,0.05230989307165146,0.0904250293970108,-0.03340832144021988,0.012460587546229362,-0.07158559560775757,-0.005224703811109066,-0.024420395493507385,-0.020310889929533005,-0.12217922508716583,-0.06192896515130997,-0.01539271418005228,0.04586415737867355,0.11567908525466919,0.06101737916469574,-0.14152967929840088,-0.0067239245399832726,0.11619967222213745,-0.18864543735980988,-0.05311056971549988,-0.004768861923366785,-0.07309757173061371,0.009197103790938854,-0.019350973889231682,0.018474388867616653,0.025004176422953606,-0.01911580190062523,-0.03569460287690163,0.08220615983009338,-0.059304673224687576,0.005045039113610983
ึ,0.0489848330616951,-0.1046866774559021,-0.030366994440555573,-0.0593232698738575,0.02142123132944107,-0.09289681911468506,-0.12007122486829758,-0.08204402774572372,0.11774240434169769,0.019367998465895653,0.146957129240036,-0.07686518877744675,-0.028930790722370148,-0.055419377982616425,0.13779151439666748,0.021458374336361885,-0.04925915598869324,-0.05734730884432793,0.10517077893018723,0.10961522907018661,0.1171598881483078,0.08376799523830414,-0.03870103135704994,0.027060072869062424,-0.07187379151582718,-0.06159141659736633,-0.11314017325639725,0.0740739032626152,0.14581811428070068,-0.12443177402019501,-0.13700348138809204,-0.020480118691921234,-0.11203812062740326,-0.04934382811188698,-0.10137781500816345,0.000371236092178151,-0.06847857683897018,0.05712514743208885,0.09303102642297745,0.06637389957904816,-0.017673905938863754,0.08705105632543564,0.025819990783929825,0.1310970038175583,0.021959591656923294,0.08363794535398483,0.12389529496431351,0.04872250184416771,-0.0664377436041832,-0.06306484341621399,-0.04034658521413803,0.022519735619425774,0.17700062692165375,-0.1465998739004135,0.1060209721326828,-0.00428104680031538,0.11092723906040192,-0.13614210486412048,-0.16445226967334747,-0.08740290999412537,0.14930705726146698,-0.0016326842596754432,-0.1152048259973526,-0.014777828007936478,0.05050735920667648,0.05294254794716835,-0.028423788025975227,0.0757412239909172
ื,-0.04461044445633888,0.016323702409863472,-0.05444400757551193,-0.05761754885315895,0.061614274978637695,-0.09252939373254776,0.06705430895090103,0.008321814239025116,-0.025924546644091606,0.0654434934258461,0.1166122555732727,0.00017003226093947887,-0.09424985945224762,0.036314163357019424,-0.11839324235916138,-0.04617387056350708,-0.037728194147348404,-0.09485254436731339,-0.08180777728557587,0.060598812997341156,-0.13088653981685638,0.06801585108041763,0.08511488139629364,0.09853631258010864,-0.056585025042295456,-0.07439114153385162,0.043086063116788864,0.008122894912958145,-0.10536009818315506,0.06555768847465515,-0.017533276230096817,0.053437359631061554,-0.12599138915538788,0.14526066184043884,-0.010281320661306381,0.05486779287457466,0.12952224910259247,0.08535538613796234,-0.14080479741096497,0.16276589035987854,0.07615561783313751,-0.024683870375156403,0.08213582634925842,0.06284663826227188,0.09962314367294312,0.11280712485313416,-0.13151884078979492,0.10631395876407623,0.10158675163984299,0.007543244864791632,0.13851290941238403,-0.0330045223236084,-0.11486261337995529,-0.08355525881052017,0.12274721264839172,-0.07557843625545502,-0.12439556419849396,-0.04239664971828461,0.11404821276664734,0.09518890082836151,0.024592919275164604,-0.11437951773405075,-0.04293975979089737,-0.09233713895082474,-0.07137178629636765,0.017219478264451027,0.030350426211953163,0.04285801202058792
ๅ,-0.06537959724664688,-0.009583215229213238,-0.014619918540120125,-0.003038333496078849,-0.06128629297018051,-0.004704485181719065,-0.09709607809782028,0.08510103821754456,-0.038792505860328674,-0.06669924408197403,0.13197757303714752,0.10736385732889175,0.07030702382326126,-0.11178071796894073,0.009484188631176949,0.10011683404445648,0.050059616565704346,-0.0026682757306843996,0.0877416804432869,0.021386584267020226,0.05982266739010811,-0.0658501461148262,0.1242128312587738,0.06705096364021301,-0.06692284345626831,-0.07450289279222488,0.07065007835626602,0.10727138817310333,-0.0672939270734787,-0.03364645317196846,0.08090870827436447,-0.08484859019517899,0.09048867970705032,-0.11079332232475281,0.027511795982718468,-0.0658954307436943,0.0325964018702507,0.03430548310279846,0.08180258423089981,0.12118927389383316,-0.017209911718964577,-0.05415240675210953,0.09890801459550858,0.08798516541719437,0.053279317915439606,0.07677225023508072,0.045444607734680176,0.011515828780829906,-0.06999406963586807,-0.09724480658769608,0.11925854533910751,-0.04180207848548889,0.10250937938690186,-0.0012841250281780958,0.04244851693511009,-0.06189766526222229,0.0008520589326508343,0.029311051592230797,-0.11690002679824829,-0.026034338399767876,-0.0906505212187767,0.08561807870864868,-0.010482847690582275,-0.08353725075721741,-0.01531354058533907,0.0913953110575676,-0.11162461340427399,-0.0655517578125
ุ,-0.037860970944166183,-0.17384743690490723,-0.0010376318823546171,0.06593310832977295,-0.21894901990890503,-0.03224238008260727,-0.14318658411502838,0.05186872184276581,-0.018760748207569122,-0.050187088549137115,-0.042216427624225616,0.0190097838640213,-0.13121762871742249,-0.018875114619731903,0.02744286321103573,0.11562404036521912,0.17978203296661377,0.1320696622133255,-0.03176804631948471,-0.05372368544340134,-0.03683571517467499,-0.017170095816254616,0.04866030812263489,0.05928287282586098,-0.06345009803771973,0.07752550393342972,-0.17604419589042664,0.036532461643218994,-0.03720182552933693,0.035221461206674576,0.05232373997569084,0.019303129985928535,-0.0565725713968277,-0.09992233663797379,-0.046871695667505264,-0.0031767336186021566,-0.1761772483587265,0.04268616810441017,0.06036065146327019,-0.021954940631985664,-0.05741477757692337,0.040249861776828766,0.06735843420028687,-0.15841525793075562,0.06400187313556671,-0.04971559718251228,0.011141398921608925,-0.21593119204044342,-0.11632458865642548,-0.028373226523399353,-0.14886941015720367,0.0609428808093071,0.12701047956943512,-0.1368521898984909,0.021447353065013885,-0.06321991980075836,0.1134050264954567,0.09128063172101974,-0.007725950796157122,-0.1701609343290329,-0.033831749111413956,0.10896096378564835,-0.0591568648815155,0.012556442990899086,0.14126740396022797,0.11490537226200104,-0.04307881370186806,0.029711280018091202
ู,0.12800772488117218,-0.11057332158088684,0.08090715855360031,-0.023626292124390602,-0.08654608577489853,-0.17507585883140564,-0.06126207485795021,0.08224289864301682,0.0709422305226326,-0.0435950830578804,0.043953556567430496,-0.04489590972661972,0.044751886278390884,0.047591593116521835,0.003711672266945243,0.032719701528549194,0.0617973692715168,-0.126755490899086,-0.12113479524850845,-0.03444396331906319,-0.05743265151977539,0.030438801273703575,-0.0665450468659401,0.10433591157197952,-0.14955371618270874,0.04120457172393799,-0.03089364990592003,0.05724095553159714,0.004637179896235466,0.08892954140901566,-0.12303122133016586,0.12848617136478424,-0.07079415023326874,0.0775633305311203,-0.07933709025382996,0.055509574711322784,-0.061353493481874466,0.12147784978151321,0.0069820634089410305,0.07538170367479324,0.03648898005485535,-0.014678740873932838,0.09907294064760208,0.0698627457022667,0.06932591646909714,0.11508908122777939,-0.03972701355814934,0.08423149585723877,0.11373408883810043,0.05588366091251373,-0.022740108892321587,0.07934798300266266,-0.1668553650379181,0.00014861072122585028,0.03147398307919502,0.049808163195848465,-0.0030483845621347427,-0.11560694128274918,0.08066233992576599,0.005480275023728609,-0.03737444058060646,-0.09731519222259521,-0.012635440565645695,-0.061452630907297134,-0.06836649030447006,0.14282739162445068,-0.09091230481863022,0.09605444222688675
เ,0.11070068180561066,0.09678670763969421,0.04101558029651642,0.16278138756752014,0.012198441661894321,0.0780109167098999,0.16272911429405212,0.07552207261323929,-0.14090631902217865,0.16394507884979248,-0.0909157246351242,0.09778886288404465,-0.045981574803590775,0.14168782532215118,-0.14199650287628174,0.10736925154924393,-0.19945183396339417,0.040301673114299774,-0.027591301128268242,0.08757974952459335,-0.15483953058719635,0.012614625506103039,0.05769392102956772,-0.027510061860084534,0.06828414648771286,-0.09479970484972,0.06946195662021637,-0.13870705664157867,-0.013293181546032429,-0.05880988389253616,-0.04040105640888214,-0.13444159924983978,-0.03146935999393463,-0.15665338933467865,0.10138309001922607,0.07742168009281158,-0.008061140775680542,-0.05947394296526909,-0.11904150992631912,-0.14844761788845062,-0.12126260995864868,-0.14374753832817078,0.02716757357120514,-0.08788464218378067,-0.14523357152938843,-0.052169959992170334,-0.026749610900878906,0.18402889370918274,0.16543298959732056,-0.08828315883874893,0.03866440802812576,0.027268124744296074,0.009101447649300098,0.11363320052623749,0.03858376666903496,0.07389563322067261,-0.1241089403629303,-0.011083067394793034,0.013359102420508862,-0.10966862738132477,0.05503753572702408,0.050203047692775726,0.010813277214765549,0.10186689347028732,-0.02127832919359207,0.049907710403203964,-0.053245700895786285,-0.1844514012336731
โ,0.0861821323633194,-0.07728718221187592,0.06448057293891907,-0.15452592074871063,0.04328973591327667,0.026113037019968033,0.012844919227063656,0.0946676954627037,0.0740111768245697,-0.05667474865913391,0.04257044568657875,-0.12482420355081558,-0.0388774536550045,-0.12266300618648529,0.06520109623670578,0.10703929513692856,-0.011265205219388008,-0.09390394389629364,0.09315990656614304,0.10752870887517929,0.0373331755399704,0.05610121041536331,-0.041978705674409866,0.08244626224040985,-0.13696129620075226,-0.10194326937198639,-0.1412615180015564,0.022199951112270355,0.07526962459087372,0.1480511575937271,0.0682569295167923,0.0372486338019371,-0.09776396304368973,0.07863535732030869,-0.11271831393241882,-0.0010288438061252236,0.020184168592095375,-0.030447058379650116,0.11010277271270752,-0.04263639077544212,0.1356164962053299,-0.04558854550123215,-0.0049114590510725975,0.054171547293663025,0.16554009914398193,0.1546536237001419,0.09147278964519501,-0.1992468684911728,-0.1658797711133957,-0.08698949217796326,0.0800006240606308,0.0691310241818428,0.12091655284166336,0.00442159129306674,0.13445653021335602,-0.1670292317867279,0.04374801740050316,-1.5631236237823032e-05,-0.08268418908119202,-0.08333514630794525,-0.11911991238594055,-0.09456173330545425,0.08146073669195175,0.012136630713939667,0.0745081827044487,0.03462732955813408,-0.14120741188526154,0.15785659849643707
แ,-0.04989516735076904,0.04464218020439148,-0.026400642469525337,0.02698957361280918,-0.03040553443133831,0.04778382554650307,-0.008978172205388546,-0.06782984733581543,-0.09357938170433044,-0.05701681226491928,-0.1867533028125763,-0.09460588544607162,0.018338937312364578,0.12225166708230972,-0.07501194626092911,0.04476442188024521,-0.1252586990594864,-0.11018296331167221,-0.01139870099723339,-0.06214476004242897,-0.11271237581968307,0.10131483525037766,0.12266942858695984,-0.02218804880976677,0.09052037447690964,0.06784995645284653,0.21277374029159546,-0.006365216337144375,-0.07480970025062561,0.07284566015005112,-0.08398750424385071,-0.032586466521024704,0.05470660328865051,0.011426455341279507,-0.02064552530646324,0.06724508851766586,-0.025398211553692818,0.05486272647976875,-0.00593932531774044,-0.07259286195039749,-0.11416146159172058,0.00791847798973322,0.03586228936910629,-0.09700419008731842,-0.1811542958021164,0.051475442945957184,-0.11566519737243652,0.16775302588939667,0.04773035645484924,-0.09976014494895935,-0.06516265124082565,-0.09522046893835068,0.07668939232826233,0.12335402518510818,-0.11615534871816635,0.1017465591430664,0.015662871301174164,-0.05023543909192085,0.15086455643177032,0.11212281137704849,-0.02027086168527603,0.1436568647623062,0.1233525425195694,0.04018433392047882,0.0689154639840126,-0.15318472683429718,6.763509736629203e-05,-0.17525948584079742
ะ,-0.06128318980336189,0.10213664174079895,-0.08687048405408859,0.20142820477485657,-0.08141737431287766,0.09719515591859818,-0.061690568923950195,0.06528500467538834,-0.03913641348481178,-0.01086305733770132,0.007268163375556469,-0.03268776834011078,-0.032576002180576324,0.05487235635519028,0.13167573511600494,0.06665017455816269,0.018090758472681046,0.19951921701431274,0.07327914983034134,0.10155168920755386,-0.07438766956329346,-0.014289561659097672,-0.016026630997657776,-0.11577099561691284,0.15604163706302643,0.05685608834028244,0.010076618753373623,-0.10059458017349243,-0.004366530105471611,0.027025198563933372,-0.057691868394613266,0.013413817621767521,-0.05761151388287544,-0.006211470812559128,0.11895979195833206,0.09630952775478363,-0.08557185530662537,-0.11540944874286652,0.14142552018165588,-0.0124462079256773,0.05074130743741989,0.06636153161525726,0.008795349858701229,-0.10247797518968582,0.049460459500551224,-0.1420651078224182,-0.060359302908182144,-0.10103073716163635,-0.04433784633874893,-0.06936831772327423,0.05139622837305069,-0.06099731847643852,0.03494478762149811,-0.1004534587264061,-0.13138912618160248,0.036685116589069366,-0.0832972377538681,0.021089326590299606,-0.07820829749107361,-0.0446217842400074,0.05722241476178169,0.020755965262651443,-0.10714581608772278,-0.01381602045148611,0.017632074654102325,0.01930677331984043,0.14118799567222595,0.012198337353765965
ั,-0.11694695800542831,-0.07987608015537262,-0.012687966227531433,-0.06285204738378525,0.02069878578186035,0.017328541725873947,0.03367448225617409,0.025586938485503197,0.056907590478658676,-0.008019691333174706,0.09494005143642426,-0.06733394414186478,0.04911576583981514,-0.11410646140575409,-0.10336986184120178,-0.0815056711435318,0.058975767344236374,-0.08357328921556473,-0.028986619785428047,-0.05028090253472328,-0.09712009876966476,-0.08076988905668259,-0.10177997499704361,0.056445322930812836,0.09617727249860764,-0.1034655049443245,0.12778225541114807,0.09088616073131561,-0.03623783215880394,-0.07560604810714722,-0.026337875053286552,0.07220626622438431,0.1275334656238556,-0.06842468678951263,0.0981580913066864,-0.1265946477651596,-0.05059553310275078,0.03545130789279938,0.013079379685223103,0.04038044810295105,-0.11099255830049515,-0.07729699462652206,-0.07842109352350235,0.044276461005210876,-0.012067620642483234,0.1038830578327179,0.11127915233373642,-0.049399372190237045,0.06804591417312622,0.08836699277162552,0.09044522047042847,-0.06403082609176636,0.10280421376228333,0.07670775800943375,-0.00023045142006594688,-0.06925404071807861,0.07170382142066956,0.02111916057765484,0.015262513421475887,-0.08823885023593903,-0.09572181850671768,0.07732485234737396,0.0016213757917284966,0.052141789346933365,-0.10224854201078415,-0.019779693335294724,0.13318473100662231,0.020271236076951027
า,0.1422644555568695,-0.09162326902151108,0.0972466841340065,0.05555089935660362,-0.07460035383701324,-0.0007350178784690797,-0.001028984203003347,0.12863266468048096,0.11387025564908981,0.13865646719932556,-0.0662701353430748,0.007997210137546062,-0.017341310158371925,-0.032872751355171204,-0.08332410454750061,-0.03095236048102379,-0.011157396249473095,0.017665810883045197,-0.1077418401837349,0.037842098623514175,-0.01873910240828991,-0.043908074498176575,0.02582089602947235,0.13261015713214874,-0.027625029906630516,-0.03694368898868561,0.028176268562674522,0.047613319009542465,-0.03822069615125656,0.10306026041507721,-0.01969844475388527,0.047877658158540726,0.04625630006194115,-0.0021310916636139154,0.12450411170721054,0.12607958912849426,0.07358694076538086,0.10530554503202438,-0.14246992766857147,-0.05869976058602333,-0.03133420646190643,0.04692697525024414,-0.07554800808429718,0.16833463311195374,0.04048510268330574,0.036232393234968185,0.045795850455760956,-0.026367656886577606,-0.03014608658850193,0.1372898817062378,0.010827243328094482,-0.11479933559894562,-0.0759219154715538,0.12592299282550812,0.11362001299858093,-0.07338322699069977,0.07057212293148041,0.007262856233865023,0.10943041741847992,0.019122356548905373,0.0231622364372015,-0.11024469137191772,-0.06020186468958855,0.05812235549092293,0.05413120612502098,0.03698563575744629,-0.047557663172483444,0.14409655332565308
ำ,-0.09958427399396896,0.06371794641017914,-0.014839778654277325,-0.01212923415005207,0.03979237377643585,-0.03539896756410599,-0.10283251106739044,-0.012062625028192997,0.08071836084127426,-0.12235312163829803,0.049429312348365784,-0.11207805573940277,0.1133040264248848,0.1333337277173996,0.10840877145528793,-0.05472667142748833,0.16792096197605133,0.06446490436792374,0.014301923103630543,-0.07721927762031555,0.010585364885628223,-0.09761432558298111,-0.03110211342573166,-0.11515341699123383,0.02384619228541851,-0.10343006253242493,-0.054228685796260834,-0.00919213704764843,0.12453962117433548,-0.11754609644412994,0.12704551219940186,-0.08709505200386047,0.11666054278612137,-0.10867217928171158,0.06595057249069214,-0.03213652968406677,0.05471360310912132,-0.11161389201879501,0.18821711838245392,-0.05534978583455086,0.04453165829181671,0.06775788962841034,0.022141706198453903,-0.11619105190038681,-0.10622981935739517,-0.05712316930294037,-0.012033945880830288,0.020367804914712906,-0.022553782910108566,-0.13023750483989716,-0.14389552175998688,-0.035556476563215256,0.1680924892425537,-0.13559453189373016,0.04743855446577072,-0.015722377225756645,0.04094121605157852,0.043517615646123886,-0.0158748347312212,-0.1177220493555069,0.0884597972035408,0.0752926766872406,-0.1227634847164154,-0.07192108780145645,-0.03691067919135094,0.02034188248217106,0.05883803963661194,-0.10773493349552155
ใ,-0.09843030571937561,-0.07753555476665497,-0.10969085991382599,-0.10402153432369232,0.08341268450021744,0.06142546981573105,-0.010196262039244175,0.006600965280085802,0.0710991695523262,-0.06190665066242218,0.12023110687732697,0.07876598089933395,0.11327066272497177,0.0653371512889862,-0.10493272542953491,0.07034014910459518,-0.05568341910839081,0.07338656485080719,-0.10217101126909256,0.11616084724664688,-0.09022048115730286,-0.019613727927207947,0.06526260823011398,-0.011657352559268475,0.06785127520561218,0.08493399620056152,-0.10757116973400116,0.10610292106866837,0.11430587619543076,-0.056293755769729614,-0.1087990328669548,-0.11910255998373032,-0.07249549776315689,-0.0040592956356704235,0.05248895287513733,-0.13077639043331146,-0.0860496386885643,0.009817267768085003,-0.03267740458250046,-0.08845041692256927,-0.029883546754717827,-0.07045165449380875,-0.01789231225848198,-0.01057539600878954,0.030771451070904732,-0.038073763251304626,0.10284119099378586,-0.033409006893634796,-0.052216190844774246,-0.02262815274298191,0.06810979545116425,0.02354331500828266,-0.104156494140625,0.08638274669647217,0.04973822087049484,-0.03559160977602005,-0.05098244175314903,0.03339364007115364,-0.09025892615318298,-0.09785853326320648,0.02586803026497364,0.05779838189482689,0.09630454331636429,-0.07308642566204071,-0.09592479467391968,-0.02111208811402321,-0.08921702206134796,-0.059130460023880005
ไ,-0.08522740751504898,-0.0552462562918663,-0.043982379138469696,-0.016433417797088623,-0.03590542450547218,-0.10579761862754822,-0.010370400734245777,-0.06613235920667648,0.04847874119877815,-0.022231942042708397,0.06629105657339096,0.06822539865970612,0.08619295060634613,0.05229486897587776,0.04696769639849663,-0.03724415972828865,0.10550004988908768,0.030942168086767197,0.011107214726507664,0.0099252387881279,-0.017904339358210564,-0.06555777788162231,-0.09943252801895142,0.07384145259857178,-0.09476333111524582,-0.12024993449449539,-0.07365693151950836,0.021686293184757233,0.11384518444538116,0.0015340535901486874,-0.0634741336107254,-0.023837996646761894,0.07969210296869278,-0.10428781062364578,-0.01819583959877491,-0.05766208469867706,0.029741011559963226,-0.08625230193138123,-0.027371970936655998,-0.11179710179567337,0.06141732260584831,0.058909475803375244,-0.07375625520944595,0.04864678904414177,0.10901559144258499,-0.0779447853565216,-0.015156672336161137,-0.05584302172064781,-0.06373065710067749,-0.11141977459192276,-0.10226611793041229,0.05395375192165375,0.032073765993118286,-0.048826079815626144,0.03868444263935089,0.11610632389783859,-0.08346623927354813,-0.05780883505940437,0.06377573311328888,-0.030378565192222595,0.03562137857079506,0.04464727267622948,0.048533082008361816,0.03868836537003517,-0.004474927205592394,0.11667574197053909,-0.06530778855085373,-0.04374680295586586
็,-0.01240410003811121,-0.001790364971384406,0.05837215110659599,0.045032959431409836,0.11126311868429184,0.09943543374538422,0.1528094857931137,0.11191992461681366,-0.014439165592193604,-0.09255699068307877,0.03723306581377983,0.008538010530173779,0.06756992638111115,0.014960713684558868,-0.12025612592697144,0.08157274127006531,0.010883995331823826,0.027917450293898582,0.0021594215650111437,0.057236071676015854,-0.04166943579912186,0.09519786387681961,-0.13945525884628296,-0.08608929067850113,0.046352215111255646,-0.1611093282699585,0.01147144753485918,-0.20314039289951324,0.07172923535108566,-0.013242792338132858,0.02770978771150112,-0.08594611287117004,-0.08667249977588654,0.10264766961336136,-0.10853863507509232,0.08640842884778976,0.11852093040943146,0.17236697673797607,0.05028606206178665,0.019075753167271614,-0.05521484836935997,-0.05702952668070793,0.14118343591690063,0.020680556073784828,0.0008535130764357746,0.08406024426221848,-0.0424647219479084,0.06928550451993942,-0.059193044900894165,-0.01102991309016943,-0.08222587406635284,0.059220727533102036,-0.09526484459638596,0.19188708066940308,-0.037650514394044876,0.20271003246307373,-0.05511683598160744,0.08657379448413849,0.03881332650780678,-0.10312987118959427,0.06895332038402557,-0.03252017870545387,-0.13733772933483124,-0.09604335576295853,-0.17212073504924774,0.07144532352685928,0.05546090751886368,-0.09318993985652924
่,-0.13743549585342407,0.06685874611139297,-0.15753798186779022,0.11357514560222626,0.06751748919487,-0.021024402230978012,0.13906069099903107,-0.0917702242732048,-0.11646109074354172,-0.12201697379350662,-0.16086742281913757,0.1493767350912094,0.10702161490917206,-0.03651025891304016,-0.014648660086095333,-0.06454910337924957,-0.09785757958889008,0.2190287858247757,-0.12340176850557327,0.07280073314905167,0.10234828293323517,-0.035701338201761246,-0.08978728204965591,-0.1386740803718567,0.2141900658607483,-0.17415259778499603,-0.15609298646450043,-0.23087923228740692,0.13472023606300354,-0.22322978079319,-0.06285429000854492,-0.02675180695950985,-0.18055923283100128,-0.3111500144004822,-0.11575154215097427,0.16655759513378143,-0.07690470665693283,0.10735850036144257,0.08608999103307724,-0.13893646001815796,0.11886371672153473,-0.054730188101530075,0.05931313335895538,-0.11313114315271378,-0.14740605652332306,-0.002395190065726638,-0.1249115839600563,0.15925107896327972,0.01627351902425289,0.08057580888271332,-0.17961454391479492,-0.14080944657325745,-0.16626854240894318,0.1689043641090393,0.151016965508461,0.0730845034122467,0.09458700567483902,0.02665657363831997,-0.20224443078041077,-0.22645774483680725,0.20299679040908813,-0.1758381575345993,-0.1483234018087387,0.02049638330936432,-0.10252344608306885,0.1046668291091919,0.03389984369277954,-0.09172344952821732
้,-0.1476115733385086,0.001599934883415699,-0.042785562574863434,0.048528142273426056,-0.12400276213884354,0.004712796304374933,-0.03917928412556648,0.12079916894435883,0.021796926856040955,0.07812327891588211,-0.03941730782389641,0.040869567543268204,0.07767356932163239,0.027208875864744186,0.019677750766277313,0.05434698984026909,-0.07078299671411514,0.03121931664645672,0.029214859008789062,-0.005502655636519194,0.06500628590583801,0.019771067425608635,-0.05958890542387962,-0.12325543165206909,-0.05334779620170593,-0.002603893168270588,-0.036099471151828766,-0.1550741195678711,0.055789850652217865,-0.036847345530986786,0.04549761489033699,-0.10156243294477463,0.03296038135886192,0.02912655845284462,0.012927221134305,-0.13544820249080658,-0.09000422805547714,0.043873533606529236,-0.0486101359128952,0.07392267882823944,-0.018470710143446922,0.03413370996713638,0.06116248294711113,0.0062362393364310265,-0.0531596839427948,0.07164464890956879,0.06826576590538025,0.16011537611484528,-0.060848433524370193,-0.07088347524404526,-0.11917327344417572,0.13451063632965088,-0.09387963265180588,-6.477410352090374e-06,0.12562623620033264,0.04549200087785721,-0.0730181485414505,0.09518422186374664,-0.16699615120887756,-0.07346223294734955,0.12043687701225281,0.03435523808002472,-0.05353040620684624,-0.03778490796685219,0.06480050086975098,0.06559819728136063,-0.0954015776515007,0.05778234452009201
๊,-0.11756622046232224,0.05080650746822357,-0.031100433319807053,0.002611050382256508,-0.0347815565764904,-0.024509605020284653,0.13481168448925018,0.020949983969330788,-0.06856434047222137,-0.05472970008850098,0.01233754027634859,-0.06146515533328056,-0.12350522726774216,-0.020521778613328934,-0.0988539382815361,0.08118794113397598,-0.07840524613857269,0.00518071511760354,0.0884217694401741,-0.05906382575631142,-0.008643575944006443,-0.06455454230308533,0.1144208237528801,0.03534070774912834,-0.07023894041776657,-0.017730234190821648,0.06585294008255005,-0.10344281047582626,0.10482019931077957,-0.006801245734095573,-0.008027496747672558,0.026392219588160515,-0.033340685069561005,0.004070913884788752,0.050979819148778915,0.035857174545526505,-0.09626320004463196,-0.07028043270111084,-0.02720126137137413,0.08943717926740646,-0.09135153144598007,-0.045410994440317154,-0.12482281774282455,0.018717249855399132,-0.05851958692073822,-0.09612177312374115,-0.003521135076880455,0.0805571973323822,0.022972173988819122,0.12636622786521912,0.10766599327325821,-0.005998398642987013,-0.07566685974597931,0.07341374456882477,0.011273961514234543,-0.038182295858860016,0.055644869804382324,-0.08892162144184113,-0.02177291549742222,0.04108569771051407,0.10797969996929169,0.002014049794524908,-0.03122578375041485,0.008091028779745102,-0.1097218468785286,-0.05000046268105507,-0.08080516010522842,-0.11409109085798264
๋,-0.15139341354370117,0.03169839456677437,-0.06576897948980331,0.121163509786129,0.09058348834514618,0.04692107439041138,-0.09967286884784698,-0.06563351303339005,0.03028528392314911,-0.13346102833747864,-0.13276927173137665,-0.11077316850423813,-0.07794647663831711,-0.04801170900464058,0.0803726315498352,-0.03901053965091705,0.04693930968642235,-0.009083021432161331,0.10472007095813751,-0.0371994748711586,-0.0022359362337738276,-0.03939851000905037,-0.021791858598589897,-0.08565395325422287,0.005635031498968601,-0.13578327000141144,-0.06307226419448853,-0.026117131114006042,-0.042170450091362,0.06387961655855179,-0.007070817518979311,-0.004224852658808231,-0.09297194331884384,-0.033098187297582626,-0.014741228893399239,-0.03240836039185524,-0.00330345518887043,0.027512865141034126,-0.0606277734041214,-0.10636815428733826,0.06445720046758652,0.11269119381904602,0.03133011609315872,-0.015913762152194977,-0.12608204782009125,-0.0850650742650032,0.05983792617917061,-0.11021751910448074,0.08125238865613937,-0.07034725695848465,-0.009283930994570255,0.11129771918058395,-0.0016007336089387536,-0.051295313984155655,-0.023751651868224144,-0.02830822765827179,-0.07393653690814972,-0.1316588819026947,-0.0892147496342659,-0.12771645188331604,0.06875938922166824,-0.012493706308305264,0.028932489454746246,-0.013039473444223404,0.04380206763744354,0.047928765416145325,-0.10812310874462128,0.09034652262926102
์,0.11819293349981308,0.16259823739528656,0.08437077701091766,-0.012072348035871983,0.012862256728112698,0.00611913250759244,0.04013863950967789,-0.023689765483140945,0.08052298426628113,0.07033336162567139,0.16108278930187225,0.13033263385295868,-0.07120978832244873,-0.07041105628013611,-0.05037907138466835,0.07653563469648361,0.07706320285797119,-0.21334245800971985,-0.11705276370048523,-0.07079967856407166,0.007894649170339108,0.08399827778339386,0.06004958227276802,0.13892465829849243,-0.08153314888477325,-0.05366417393088341,-0.023657744750380516,0.019132379442453384,-0.11875370144844055,-0.198048397898674,0.01250678300857544,0.09605243057012558,0.13231968879699707,-0.02084164321422577,0.0004286660114303231,0.06187044084072113,-0.09359823912382126,-0.07197482138872147,-0.02867640182375908,-0.04226270690560341,-0.13281960785388947,0.039776187390089035,0.11174865067005157,0.11752217262983322,0.031717926263809204,0.028213076293468475,0.09039315581321716,0.08381030708551407,0.05801911652088165,0.024112248793244362,-0.08553709089756012,-0.029927639290690422,0.025686049833893776,0.04376488924026489,0.030146028846502304,0.09266330301761627,0.08770523220300674,0.0606091134250164,0.10727742314338684,0.2469768226146698,-0.023163992911577225,0.1088137999176979,0.05964583158493042,-0.016815517097711563,-0.018770679831504822,0.026384131982922554,-0.043464295566082,-0.09934034943580627
